c_row_id,Customer ID,Customer Name,Segment,Ship Mode
1,CG-12520,Claire Gute,Consumer,Second Class
2,CG-12520,Claire Gute,Consumer,Second Class
3,DV-13045,Darrin Van Huff,Corporate,Second Class
4,SO-20335,Sean O'Donnell,Consumer,Standard Class
5,SO-20335,Sean O'Donnell,Consumer,Standard Class
6,BH-11710,Brosina Hoffman,Consumer,Standard Class
7,BH-11710,Brosina Hoffman,Consumer,Standard Class
8,BH-11710,Brosina Hoffman,Consumer,Standard Class
9,BH-11710,Brosina Hoffman,Consumer,Standard Class
10,BH-11710,Brosina Hoffman,Consumer,Standard Class
11,BH-11710,Brosina Hoffman,Consumer,Standard Class
12,BH-11710,Brosina Hoffman,Consumer,Standard Class
13,AA-10480,Andrew Allen,Consumer,Standard Class
14,IM-15070,Irene Maddox,Consumer,Standard Class
15,HP-14815,Harold Pawlan,Home Office,Standard Class
16,HP-14815,Harold Pawlan,Home Office,Standard Class
17,PK-19075,Pete Kriz,Consumer,Standard Class
18,AG-10270,Alejandro Grove,Consumer,Second Class
19,ZD-21925,Zuschuss Donatelli,Consumer,Second Class
20,ZD-21925,Zuschuss Donatelli,Consumer,Second Class
21,ZD-21925,Zuschuss Donatelli,Consumer,Second Class
22,KB-16585,Ken Black,Corporate,Standard Class
23,KB-16585,Ken Black,Corporate,Standard Class
24,SF-20065,Sandra Flanagan,Consumer,Second Class
25,EB-13870,Emily Burns,Consumer,Standard Class
26,EH-13945,Eric Hoffmann,Consumer,Second Class
27,EH-13945,Eric Hoffmann,Consumer,Second Class
28,TB-21520,Tracy Blumstein,Consumer,Standard Class
29,TB-21520,Tracy Blumstein,Consumer,Standard Class
30,TB-21520,Tracy Blumstein,Consumer,Standard Class
31,TB-21520,Tracy Blumstein,Consumer,Standard Class
32,TB-21520,Tracy Blumstein,Consumer,Standard Class
33,TB-21520,Tracy Blumstein,Consumer,Standard Class
34,TB-21520,Tracy Blumstein,Consumer,Standard Class
35,MA-17560,Matt Abelman,Home Office,Second Class
36,GH-14485,Gene Hale,Corporate,First Class
37,GH-14485,Gene Hale,Corporate,First Class
38,SN-20710,Steve Nguyen,Home Office,Standard Class
39,SN-20710,Steve Nguyen,Home Office,Standard Class
40,SN-20710,Steve Nguyen,Home Office,Standard Class
41,SN-20710,Steve Nguyen,Home Office,Standard Class
42,LC-16930,Linda Cazamias,Corporate,Standard Class
43,RA-19885,Ruben Ausman,Corporate,Standard Class
44,ES-14080,Erin Smith,Corporate,Standard Class
45,ON-18715,Odella Nelson,Corporate,First Class
46,ON-18715,Odella Nelson,Corporate,First Class
47,PO-18865,Patrick O'Donnell,Consumer,Second Class
48,LH-16900,Lena Hernandez,Consumer,Standard Class
49,LH-16900,Lena Hernandez,Consumer,Standard Class
50,DP-13000,Darren Powers,Consumer,Standard Class
51,DP-13000,Darren Powers,Consumer,Standard Class
52,DP-13000,Darren Powers,Consumer,Standard Class
53,DP-13000,Darren Powers,Consumer,Standard Class
54,JM-15265,Janet Molinari,Corporate,Standard Class
55,JM-15265,Janet Molinari,Corporate,Standard Class
56,TB-21055,Ted Butterfield,Consumer,First Class
57,TB-21055,Ted Butterfield,Consumer,First Class
58,TB-21055,Ted Butterfield,Consumer,First Class
59,TB-21055,Ted Butterfield,Consumer,First Class
60,TB-21055,Ted Butterfield,Consumer,First Class
61,TB-21055,Ted Butterfield,Consumer,First Class
62,TB-21055,Ted Butterfield,Consumer,First Class
63,KM-16720,Kunst Miller,Consumer,Standard Class
64,KM-16720,Kunst Miller,Consumer,Standard Class
65,KM-16720,Kunst Miller,Consumer,Standard Class
66,KM-16720,Kunst Miller,Consumer,Standard Class
67,PS-18970,Paul Stevenson,Home Office,Standard Class
68,BS-11590,Brendan Sweed,Corporate,Standard Class
69,BS-11590,Brendan Sweed,Corporate,Standard Class
70,KD-16270,Karen Daniels,Consumer,First Class
71,HM-14980,Henry MacAllister,Consumer,Standard Class
72,TB-21520,Tracy Blumstein,Consumer,Second Class
73,JE-15745,Joel Eaton,Consumer,Standard Class
74,JE-15745,Joel Eaton,Consumer,Standard Class
75,JE-15745,Joel Eaton,Consumer,Standard Class
76,KB-16600,Ken Brennan,Corporate,First Class
77,KB-16600,Ken Brennan,Corporate,First Class
78,KB-16600,Ken Brennan,Corporate,First Class
79,JE-15745,Joel Eaton,Consumer,Second Class
80,SC-20770,Stewart Carmichael,Corporate,First Class
81,SC-20770,Stewart Carmichael,Corporate,First Class
82,DN-13690,Duane Noonan,Consumer,Standard Class
83,DN-13690,Duane Noonan,Consumer,Standard Class
84,JC-16105,Julie Creighton,Corporate,Standard Class
85,CS-12400,Christopher Schild,Home Office,First Class
86,PO-18865,Patrick O'Donnell,Consumer,Second Class
87,PG-18895,Paul Gonzalez,Consumer,Standard Class
88,PG-18895,Paul Gonzalez,Consumer,Standard Class
89,GM-14455,Gary Mitchum,Home Office,Second Class
90,JS-15685,Jim Sink,Corporate,Standard Class
91,JS-15685,Jim Sink,Corporate,Standard Class
92,JS-15685,Jim Sink,Corporate,Standard Class
93,KB-16315,Karl Braun,Consumer,Second Class
94,KB-16315,Karl Braun,Consumer,Second Class
95,KB-16315,Karl Braun,Consumer,Second Class
96,RB-19705,Roger Barcio,Home Office,Standard Class
97,PN-18775,Parhena Norris,Home Office,Second Class
98,KD-16345,Katherine Ducich,Consumer,First Class
99,ER-13855,Elpida Rittenbach,Corporate,Standard Class
100,RB-19465,Rick Bensley,Home Office,Standard Class
101,RB-19465,Rick Bensley,Home Office,Standard Class
102,RB-19465,Rick Bensley,Home Office,Standard Class
103,GZ-14470,Gary Zandusky,Consumer,Second Class
104,LC-16870,Lena Cacioppo,Consumer,Standard Class
105,LC-16870,Lena Cacioppo,Consumer,Standard Class
106,LC-16870,Lena Cacioppo,Consumer,Standard Class
107,JM-15250,Janet Martin,Consumer,Standard Class
108,JM-15250,Janet Martin,Consumer,Standard Class
109,JM-15250,Janet Martin,Consumer,Standard Class
110,PA-19060,Pete Armstrong,Home Office,Standard Class
111,CV-12805,Cynthia Voltz,Corporate,Standard Class
112,CL-12565,Clay Ludtke,Consumer,Standard Class
113,CL-12565,Clay Ludtke,Consumer,Standard Class
114,RC-19960,Ryan Crowe,Consumer,Second Class
115,RC-19960,Ryan Crowe,Consumer,Second Class
116,RC-19960,Ryan Crowe,Consumer,Second Class
117,RC-19960,Ryan Crowe,Consumer,Second Class
118,DK-13090,Dave Kipp,Consumer,Standard Class
119,GG-14650,Greg Guthrie,Corporate,Standard Class
120,SC-20725,Steven Cartwright,Consumer,First Class
121,SC-20725,Steven Cartwright,Consumer,First Class
122,SC-20725,Steven Cartwright,Consumer,First Class
123,SC-20725,Steven Cartwright,Consumer,First Class
124,SC-20725,Steven Cartwright,Consumer,First Class
125,AD-10180,Alan Dominguez,Home Office,Second Class
126,PF-19165,Philip Fox,Consumer,Standard Class
127,TS-21610,Troy Staebel,Consumer,Standard Class
128,TS-21610,Troy Staebel,Consumer,Standard Class
129,LS-16975,Lindsay Shagiari,Home Office,Second Class
130,LS-16975,Lindsay Shagiari,Home Office,Second Class
131,DW-13585,Dorothy Wardle,Corporate,First Class
132,DW-13585,Dorothy Wardle,Corporate,First Class
133,DW-13585,Dorothy Wardle,Corporate,First Class
134,LC-16885,Lena Creighton,Consumer,Standard Class
135,LC-16885,Lena Creighton,Consumer,Standard Class
136,LC-16885,Lena Creighton,Consumer,Standard Class
137,LC-16885,Lena Creighton,Consumer,Standard Class
138,LC-16885,Lena Creighton,Consumer,Standard Class
139,LC-16885,Lena Creighton,Consumer,Standard Class
140,LC-16885,Lena Creighton,Consumer,Standard Class
141,JD-15895,Jonathan Doherty,Corporate,Second Class
142,SH-19975,Sally Hughsby,Corporate,Standard Class
143,SH-19975,Sally Hughsby,Corporate,Standard Class
144,SH-19975,Sally Hughsby,Corporate,Standard Class
145,SG-20080,Sandra Glassco,Consumer,Standard Class
146,HA-14920,Helen Andreada,Consumer,Standard Class
147,MG-17680,Maureen Gastineau,Home Office,Standard Class
148,JE-16165,Justin Ellison,Corporate,Standard Class
149,JE-16165,Justin Ellison,Corporate,Standard Class
150,JE-16165,Justin Ellison,Corporate,Standard Class
151,JE-16165,Justin Ellison,Corporate,Standard Class
152,TW-21025,Tamara Willingham,Home Office,First Class
153,TW-21025,Tamara Willingham,Home Office,First Class
154,SP-20650,Stephanie Phelps,Corporate,First Class
155,SP-20650,Stephanie Phelps,Corporate,First Class
156,SP-20650,Stephanie Phelps,Corporate,First Class
157,NK-18490,Neil Knudson,Home Office,Standard Class
158,DB-13060,Dave Brooks,Consumer,Second Class
159,NP-18670,Nora Paige,Consumer,Standard Class
160,NP-18670,Nora Paige,Consumer,Standard Class
161,TT-21070,Ted Trevino,Consumer,First Class
162,EM-13960,Eric Murdock,Consumer,Second Class
163,RD-19900,Ruben Dartt,Consumer,Standard Class
164,MJ-17740,Max Jones,Consumer,Standard Class
165,BM-11140,Becky Martin,Consumer,Standard Class
166,BM-11140,Becky Martin,Consumer,Standard Class
167,BM-11140,Becky Martin,Consumer,Standard Class
168,BM-11140,Becky Martin,Consumer,Standard Class
169,BM-11140,Becky Martin,Consumer,Standard Class
170,BM-11140,Becky Martin,Consumer,Standard Class
171,BM-11140,Becky Martin,Consumer,Standard Class
172,CS-12130,Chad Sievert,Consumer,Standard Class
173,CS-12130,Chad Sievert,Consumer,Standard Class
174,CS-12130,Chad Sievert,Consumer,Standard Class
175,JB-15400,Jennifer Braxton,Corporate,Standard Class
176,JB-15400,Jennifer Braxton,Corporate,Standard Class
177,SJ-20500,Shirley Jackson,Consumer,Second Class
178,JE-15745,Joel Eaton,Consumer,Second Class
179,JE-15745,Joel Eaton,Consumer,Second Class
180,JK-15640,Jim Kriz,Home Office,Standard Class
181,DK-13150,David Kendrick,Corporate,Second Class
182,DK-13150,David Kendrick,Corporate,Second Class
183,RM-19675,Robert Marley,Home Office,Second Class
184,RM-19675,Robert Marley,Home Office,Second Class
185,RM-19675,Robert Marley,Home Office,Second Class
186,SK-19990,Sally Knutson,Consumer,Standard Class
187,FM-14290,Frank Merwin,Home Office,Standard Class
188,AM-10360,Alice McCarthy,Corporate,Standard Class
189,AM-10360,Alice McCarthy,Corporate,Standard Class
190,MP-17470,Mark Packer,Home Office,First Class
191,MP-17470,Mark Packer,Home Office,First Class
192,MP-17470,Mark Packer,Home Office,First Class
193,MP-17470,Mark Packer,Home Office,First Class
194,MP-17470,Mark Packer,Home Office,First Class
195,MZ-17515,Mary Zewe,Corporate,Standard Class
196,CB-12025,Cassandra Brandow,Consumer,Standard Class
197,CB-12025,Cassandra Brandow,Consumer,Standard Class
198,VM-21685,Valerie Mitchum,Home Office,Standard Class
199,FH-14365,Fred Hopkins,Corporate,Standard Class
200,FH-14365,Fred Hopkins,Corporate,Standard Class
201,MB-17305,Maria Bertelson,Consumer,Standard Class
202,BS-11755,Bruce Stewart,Consumer,First Class
203,BS-11755,Bruce Stewart,Consumer,First Class
204,LC-17140,Logan Currie,Consumer,Second Class
205,HK-14890,Heather Kirkland,Corporate,Standard Class
206,LE-16810,Laurel Elliston,Consumer,Standard Class
207,JH-15985,Joseph Holt,Consumer,Standard Class
208,JH-15985,Joseph Holt,Consumer,Standard Class
209,JH-15985,Joseph Holt,Consumer,Standard Class
210,JH-15985,Joseph Holt,Consumer,Standard Class
211,JH-15985,Joseph Holt,Consumer,Standard Class
212,MS-17980,Michael Stewart,Corporate,Second Class
213,VW-21775,Victoria Wilson,Corporate,Standard Class
214,VW-21775,Victoria Wilson,Corporate,Standard Class
215,VW-21775,Victoria Wilson,Corporate,Standard Class
216,VW-21775,Victoria Wilson,Corporate,Standard Class
217,VW-21775,Victoria Wilson,Corporate,Standard Class
218,JH-15910,Jonathan Howell,Consumer,Standard Class
219,JH-15910,Jonathan Howell,Consumer,Standard Class
220,JB-15925,Joni Blumstein,Consumer,First Class
221,JB-15925,Joni Blumstein,Consumer,First Class
222,JB-15925,Joni Blumstein,Consumer,First Class
223,JB-15925,Joni Blumstein,Consumer,First Class
224,JB-15925,Joni Blumstein,Consumer,First Class
225,JB-15925,Joni Blumstein,Consumer,First Class
226,DS-13180,David Smith,Corporate,Standard Class
227,DS-13180,David Smith,Corporate,Standard Class
228,DS-13180,David Smith,Corporate,Standard Class
229,VD-21670,Valerie Dominguez,Consumer,Standard Class
230,VD-21670,Valerie Dominguez,Consumer,Standard Class
231,EA-14035,Erin Ashbrook,Corporate,Standard Class
232,CS-12400,Christopher Schild,Home Office,Standard Class
233,CS-12400,Christopher Schild,Home Office,Standard Class
234,CS-12400,Christopher Schild,Home Office,Standard Class
235,CS-12400,Christopher Schild,Home Office,Standard Class
236,CS-12400,Christopher Schild,Home Office,Standard Class
237,DB-13120,David Bremer,Corporate,Standard Class
238,KL-16645,Ken Lonsdale,Consumer,Second Class
239,KL-16645,Ken Lonsdale,Consumer,Second Class
240,KL-16645,Ken Lonsdale,Consumer,Second Class
241,KL-16645,Ken Lonsdale,Consumer,Second Class
242,KL-16645,Ken Lonsdale,Consumer,Second Class
243,KL-16645,Ken Lonsdale,Consumer,Second Class
244,KL-16645,Ken Lonsdale,Consumer,Second Class
245,DW-13480,Dianna Wilson,Home Office,Second Class
246,DW-13480,Dianna Wilson,Home Office,Second Class
247,DW-13480,Dianna Wilson,Home Office,Second Class
248,DW-13480,Dianna Wilson,Home Office,Second Class
249,DW-13480,Dianna Wilson,Home Office,Second Class
250,LH-17155,Logan Haushalter,Consumer,Second Class
251,KC-16540,Kelly Collister,Consumer,Standard Class
252,KC-16540,Kelly Collister,Consumer,Standard Class
253,DL-13315,Delfina Latchford,Consumer,First Class
254,DL-13315,Delfina Latchford,Consumer,First Class
255,DR-12880,Dan Reichenbach,Corporate,Standard Class
256,DR-12880,Dan Reichenbach,Corporate,Standard Class
257,DR-12880,Dan Reichenbach,Corporate,Standard Class
258,DR-12880,Dan Reichenbach,Corporate,Standard Class
259,CC-12670,Craig Carreira,Consumer,Second Class
260,CC-12670,Craig Carreira,Consumer,Second Class
261,CC-12670,Craig Carreira,Consumer,Second Class
262,Dl-13600,Dorris liebe,Corporate,Standard Class
263,SB-20290,Sean Braxton,Corporate,Second Class
264,SB-20290,Sean Braxton,Corporate,Second Class
265,RC-19825,Roy Collins,Consumer,Standard Class
266,AH-10210,Alan Hwang,Consumer,Standard Class
267,CB-12535,Claudia Bergmann,Corporate,Standard Class
268,PG-18895,Paul Gonzalez,Consumer,Standard Class
269,CA-12310,Christine Abelman,Corporate,Standard Class
270,CA-12310,Christine Abelman,Corporate,Standard Class
271,KH-16690,Kristen Hastings,Corporate,Second Class
272,HA-14920,Helen Andreada,Consumer,First Class
273,HA-14920,Helen Andreada,Consumer,First Class
274,HA-14920,Helen Andreada,Consumer,First Class
275,BB-10990,Barry Blumstein,Corporate,First Class
276,BB-10990,Barry Blumstein,Corporate,First Class
277,AG-10495,Andrew Gjertsen,Corporate,Standard Class
278,AG-10495,Andrew Gjertsen,Corporate,Standard Class
279,AG-10495,Andrew Gjertsen,Corporate,Standard Class
280,AG-10495,Andrew Gjertsen,Corporate,Standard Class
281,SC-20725,Steven Cartwright,Consumer,Second Class
282,SC-20725,Steven Cartwright,Consumer,Second Class
283,JO-15280,Jas O'Carroll,Consumer,Standard Class
284,TB-21520,Tracy Blumstein,Consumer,Standard Class
285,TB-21520,Tracy Blumstein,Consumer,Standard Class
286,TB-21520,Tracy Blumstein,Consumer,Standard Class
287,AH-10195,Alan Haines,Corporate,Second Class
288,AH-10195,Alan Haines,Corporate,Second Class
289,AH-10195,Alan Haines,Corporate,Second Class
290,NZ-18565,Nick Zandusky,Home Office,Second Class
291,NZ-18565,Nick Zandusky,Home Office,Second Class
292,NZ-18565,Nick Zandusky,Home Office,Second Class
293,NZ-18565,Nick Zandusky,Home Office,Second Class
294,KL-16555,Kelly Lampkin,Corporate,First Class
295,KL-16555,Kelly Lampkin,Corporate,First Class
296,KL-16555,Kelly Lampkin,Corporate,First Class
297,KL-16555,Kelly Lampkin,Corporate,First Class
298,KL-16555,Kelly Lampkin,Corporate,First Class
299,JD-15895,Jonathan Doherty,Corporate,Standard Class
300,JD-15895,Jonathan Doherty,Corporate,Standard Class
301,JD-15895,Jonathan Doherty,Corporate,Standard Class
302,JD-15895,Jonathan Doherty,Corporate,Standard Class
303,JD-15895,Jonathan Doherty,Corporate,Standard Class
304,JH-15910,Jonathan Howell,Consumer,Standard Class
305,AS-10225,Alan Schoenberger,Corporate,Second Class
306,KB-16600,Ken Brennan,Corporate,Standard Class
307,CR-12625,Corey Roper,Home Office,Standard Class
308,CR-12625,Corey Roper,Home Office,Standard Class
309,SH-20395,Shahid Hopkins,Consumer,First Class
310,BP-11185,Ben Peterman,Corporate,Second Class
311,BP-11185,Ben Peterman,Corporate,Second Class
312,BP-11185,Ben Peterman,Corporate,Second Class
313,BP-11185,Ben Peterman,Corporate,Second Class
314,TS-21205,Thomas Seio,Corporate,Standard Class
315,AG-10525,Andy Gerbode,Corporate,Standard Class
316,AG-10525,Andy Gerbode,Corporate,Standard Class
317,SP-20860,Sung Pak,Corporate,First Class
318,NM-18445,Nathan Mautz,Home Office,Standard Class
319,NM-18445,Nathan Mautz,Home Office,Standard Class
320,NM-18445,Nathan Mautz,Home Office,Standard Class
321,NM-18445,Nathan Mautz,Home Office,Standard Class
322,NM-18445,Nathan Mautz,Home Office,Standard Class
323,FA-14230,Frank Atkinson,Corporate,Standard Class
324,GK-14620,Grace Kelly,Corporate,Standard Class
325,GK-14620,Grace Kelly,Corporate,Standard Class
326,DJ-13510,Don Jones,Corporate,Second Class
327,PO-18850,Patrick O'Brill,Consumer,First Class
328,PO-18850,Patrick O'Brill,Consumer,First Class
329,PO-18850,Patrick O'Brill,Consumer,First Class
330,PO-18850,Patrick O'Brill,Consumer,First Class
331,PO-18850,Patrick O'Brill,Consumer,First Class
332,JL-15850,John Lucas,Consumer,Second Class
333,JL-15850,John Lucas,Consumer,Second Class
334,JL-15850,John Lucas,Consumer,Second Class
335,DB-13615,Doug Bickford,Consumer,Second Class
336,DB-13615,Doug Bickford,Consumer,Second Class
337,DB-13615,Doug Bickford,Consumer,Second Class
338,AC-10420,Alyssa Crouse,Corporate,Standard Class
339,AC-10420,Alyssa Crouse,Corporate,Standard Class
340,KL-16645,Ken Lonsdale,Consumer,Second Class
341,JD-15895,Jonathan Doherty,Corporate,Second Class
342,JD-15895,Jonathan Doherty,Corporate,Second Class
343,JD-15895,Jonathan Doherty,Corporate,Second Class
344,JD-15895,Jonathan Doherty,Corporate,Second Class
345,CS-12130,Chad Sievert,Consumer,Standard Class
346,CC-12550,Clay Cheatham,Consumer,Standard Class
347,TD-20995,Tamara Dahlen,Consumer,Standard Class
348,TD-20995,Tamara Dahlen,Consumer,Standard Class
349,TD-20995,Tamara Dahlen,Consumer,Standard Class
350,AB-10060,Adam Bellavance,Home Office,First Class
351,AB-10060,Adam Bellavance,Home Office,First Class
352,AB-10060,Adam Bellavance,Home Office,First Class
353,AB-10060,Adam Bellavance,Home Office,First Class
354,AB-10060,Adam Bellavance,Home Office,First Class
355,JL-15505,Jeremy Lonsdale,Consumer,Standard Class
356,JL-15505,Jeremy Lonsdale,Consumer,Standard Class
357,JL-15505,Jeremy Lonsdale,Consumer,Standard Class
358,JL-15505,Jeremy Lonsdale,Consumer,Standard Class
359,HK-14890,Heather Kirkland,Corporate,Standard Class
360,VB-21745,Victoria Brennan,Corporate,First Class
361,VB-21745,Victoria Brennan,Corporate,First Class
362,KW-16435,Katrina Willman,Consumer,Standard Class
363,KW-16435,Katrina Willman,Consumer,Standard Class
364,KW-16435,Katrina Willman,Consumer,Standard Class
365,KW-16435,Katrina Willman,Consumer,Standard Class
366,JD-16060,Julia Dunbar,Consumer,Standard Class
367,MK-17905,Michael Kennedy,Corporate,Same Day
368,MK-17905,Michael Kennedy,Corporate,Same Day
369,MK-17905,Michael Kennedy,Corporate,Same Day
370,MK-17905,Michael Kennedy,Corporate,Same Day
371,GT-14755,Guy Thornton,Consumer,Standard Class
372,GT-14755,Guy Thornton,Consumer,Standard Class
373,AG-10900,Arthur Gainer,Consumer,Standard Class
374,AG-10900,Arthur Gainer,Consumer,Standard Class
375,AG-10900,Arthur Gainer,Consumer,Standard Class
376,AG-10900,Arthur Gainer,Consumer,Standard Class
377,MM-18280,Muhammed MacIntyre,Corporate,First Class
378,AR-10405,Allen Rosenblatt,Corporate,Standard Class
379,RA-19915,Russell Applegate,Consumer,Standard Class
380,RA-19915,Russell Applegate,Consumer,Standard Class
381,RA-19915,Russell Applegate,Consumer,Standard Class
382,AS-10285,Alejandro Savely,Corporate,First Class
383,AS-10285,Alejandro Savely,Corporate,First Class
384,LA-16780,Laura Armstrong,Corporate,Second Class
385,DO-13435,Denny Ordway,Consumer,Standard Class
386,DO-13435,Denny Ordway,Consumer,Standard Class
387,DK-13225,Dean Katz,Corporate,Standard Class
388,DK-13225,Dean Katz,Corporate,Standard Class
389,NG-18430,Nathan Gelder,Consumer,First Class
390,MV-18190,Mike Vittorini,Consumer,Standard Class
391,MV-18190,Mike Vittorini,Consumer,Standard Class
392,JG-15115,Jack Garza,Consumer,Second Class
393,JG-15115,Jack Garza,Consumer,Second Class
394,BP-11095,Bart Pistole,Corporate,Second Class
395,VP-21730,Victor Preis,Home Office,Standard Class
396,SS-20140,Saphhira Shifley,Corporate,Second Class
397,SS-20140,Saphhira Shifley,Corporate,Second Class
398,HP-14815,Harold Pawlan,Home Office,Standard Class
399,AG-10675,Anna Gayman,Consumer,Second Class
400,AG-10675,Anna Gayman,Consumer,Second Class
401,AG-10675,Anna Gayman,Consumer,Second Class
402,AG-10675,Anna Gayman,Consumer,Second Class
403,LF-17185,Luke Foster,Consumer,First Class
404,SP-20650,Stephanie Phelps,Corporate,Standard Class
405,RF-19840,Roy Französisch,Consumer,Standard Class
406,KH-16510,Keith Herrera,Consumer,Standard Class
407,KH-16510,Keith Herrera,Consumer,Standard Class
408,KH-16510,Keith Herrera,Consumer,Standard Class
409,KH-16510,Keith Herrera,Consumer,Standard Class
410,KH-16510,Keith Herrera,Consumer,Standard Class
411,KH-16510,Keith Herrera,Consumer,Standard Class
412,KH-16510,Keith Herrera,Consumer,Standard Class
413,KH-16510,Keith Herrera,Consumer,Standard Class
414,KH-16510,Keith Herrera,Consumer,Standard Class
415,KC-16675,Kimberly Carter,Corporate,Standard Class
416,KC-16675,Kimberly Carter,Corporate,Standard Class
417,CJ-12010,Caroline Jumper,Consumer,Standard Class
418,PB-19150,Philip Brown,Consumer,Standard Class
419,VB-21745,Victoria Brennan,Corporate,Standard Class
420,SP-20860,Sung Pak,Corporate,Standard Class
421,SP-20860,Sung Pak,Corporate,Standard Class
422,JE-15745,Joel Eaton,Consumer,First Class
423,MP-17965,Michael Paige,Corporate,Standard Class
424,MP-17965,Michael Paige,Corporate,Standard Class
425,NF-18385,Natalie Fritzler,Consumer,Second Class
426,JM-15265,Janet Molinari,Corporate,Second Class
427,JM-15265,Janet Molinari,Corporate,Second Class
428,SD-20485,Shirley Daniels,Home Office,First Class
429,KH-16630,Ken Heidel,Corporate,Standard Class
430,RB-19795,Ross Baird,Home Office,Standard Class
431,RB-19795,Ross Baird,Home Office,Standard Class
432,RB-19795,Ross Baird,Home Office,Standard Class
433,RB-19795,Ross Baird,Home Office,Standard Class
434,DB-13060,Dave Brooks,Consumer,First Class
435,MK-18160,Mike Kennedy,Consumer,Standard Class
436,MK-18160,Mike Kennedy,Consumer,Standard Class
437,PO-19180,Philisse Overcash,Home Office,Second Class
438,PO-19180,Philisse Overcash,Home Office,Second Class
439,BB-11545,Brenda Bowman,Corporate,Standard Class
440,CV-12805,Cynthia Voltz,Corporate,Second Class
441,PK-19075,Pete Kriz,Consumer,Second Class
442,PK-19075,Pete Kriz,Consumer,Second Class
443,PK-19075,Pete Kriz,Consumer,Second Class
444,PK-19075,Pete Kriz,Consumer,Second Class
445,PK-19075,Pete Kriz,Consumer,Second Class
446,PK-19075,Pete Kriz,Consumer,Second Class
447,TB-21595,Troy Blackwell,Consumer,Second Class
448,RB-19360,Raymond Buch,Consumer,Second Class
449,RB-19360,Raymond Buch,Consumer,Second Class
450,RB-19360,Raymond Buch,Consumer,Second Class
451,RB-19360,Raymond Buch,Consumer,Second Class
452,RB-19360,Raymond Buch,Consumer,Second Class
453,RB-19360,Raymond Buch,Consumer,Second Class
454,EB-13705,Ed Braxton,Corporate,Standard Class
455,EB-13705,Ed Braxton,Corporate,Standard Class
456,KH-16630,Ken Heidel,Corporate,Standard Class
457,SC-20095,Sanjit Chand,Consumer,Standard Class
458,NF-18385,Natalie Fritzler,Consumer,Standard Class
459,NF-18385,Natalie Fritzler,Consumer,Standard Class
460,JH-15985,Joseph Holt,Consumer,Standard Class
461,JH-15985,Joseph Holt,Consumer,Standard Class
462,JH-15985,Joseph Holt,Consumer,Standard Class
463,TN-21040,Tanja Norvell,Home Office,Standard Class
464,TN-21040,Tanja Norvell,Home Office,Standard Class
465,TN-21040,Tanja Norvell,Home Office,Standard Class
466,TN-21040,Tanja Norvell,Home Office,Standard Class
467,TN-21040,Tanja Norvell,Home Office,Standard Class
468,JS-15940,Joni Sundaresam,Home Office,Standard Class
469,DS-13180,David Smith,Corporate,Standard Class
470,CC-12670,Craig Carreira,Consumer,Second Class
471,MH-17785,Maya Herman,Corporate,Standard Class
472,JP-15520,Jeremy Pistek,Consumer,Second Class
473,JP-15520,Jeremy Pistek,Consumer,Second Class
474,JP-15520,Jeremy Pistek,Consumer,Second Class
475,JP-15520,Jeremy Pistek,Consumer,Second Class
476,JP-15520,Jeremy Pistek,Consumer,Second Class
477,JP-15520,Jeremy Pistek,Consumer,Second Class
478,KH-16690,Kristen Hastings,Corporate,Standard Class
479,JE-15475,Jeremy Ellison,Consumer,Standard Class
480,JG-15805,John Grady,Corporate,Standard Class
481,JG-15805,John Grady,Corporate,Standard Class
482,XP-21865,Xylona Preis,Consumer,Standard Class
483,EM-14065,Erin Mull,Consumer,Standard Class
484,EM-14065,Erin Mull,Consumer,Standard Class
485,MT-18070,Michelle Tran,Home Office,First Class
486,MT-18070,Michelle Tran,Home Office,First Class
487,MT-18070,Michelle Tran,Home Office,First Class
488,SA-20830,Sue Ann Reed,Consumer,First Class
489,CW-11905,Carl Weiss,Home Office,Second Class
490,CW-11905,Carl Weiss,Home Office,Second Class
491,CW-11905,Carl Weiss,Home Office,Second Class
492,AJ-10960,Astrea Jones,Consumer,Standard Class
493,AJ-10960,Astrea Jones,Consumer,Standard Class
494,SS-20590,Sonia Sunley,Consumer,Standard Class
495,RO-19780,Rose O'Brian,Consumer,Second Class
496,MD-17350,Maribeth Dona,Consumer,Standard Class
497,SC-20095,Sanjit Chand,Consumer,Standard Class
498,SC-20095,Sanjit Chand,Consumer,Standard Class
499,SC-20095,Sanjit Chand,Consumer,Standard Class
500,SC-20095,Sanjit Chand,Consumer,Standard Class
501,MY-17380,Maribeth Yedwab,Corporate,Standard Class
502,MY-17380,Maribeth Yedwab,Corporate,Standard Class
503,MY-17380,Maribeth Yedwab,Corporate,Standard Class
504,MY-17380,Maribeth Yedwab,Corporate,Standard Class
505,MY-17380,Maribeth Yedwab,Corporate,Standard Class
506,EB-13705,Ed Braxton,Corporate,Second Class
507,CM-12385,Christopher Martinez,Consumer,Standard Class
508,CM-12385,Christopher Martinez,Consumer,Standard Class
509,CM-12385,Christopher Martinez,Consumer,Standard Class
510,CM-12385,Christopher Martinez,Consumer,Standard Class
511,LS-17245,Lynn Smith,Consumer,First Class
512,LS-17245,Lynn Smith,Consumer,First Class
513,LF-17185,Luke Foster,Consumer,First Class
514,BN-11515,Bradley Nguyen,Consumer,Standard Class
515,BN-11515,Bradley Nguyen,Consumer,Standard Class
516,AD-10180,Alan Dominguez,Home Office,Standard Class
517,AD-10180,Alan Dominguez,Home Office,Standard Class
518,AD-10180,Alan Dominguez,Home Office,Standard Class
519,AD-10180,Alan Dominguez,Home Office,Standard Class
520,DB-13210,Dean Braden,Consumer,Standard Class
521,DB-13210,Dean Braden,Consumer,Standard Class
522,DB-13210,Dean Braden,Consumer,Standard Class
523,MC-17605,Matt Connell,Corporate,First Class
524,LH-17155,Logan Haushalter,Consumer,First Class
525,LH-17155,Logan Haushalter,Consumer,First Class
526,BD-11605,Brian Dahlen,Consumer,Standard Class
527,PH-18790,Patricia Hirasaki,Home Office,Standard Class
528,PH-18790,Patricia Hirasaki,Home Office,Standard Class
529,MG-18145,Mike Gockenbach,Consumer,Standard Class
530,MG-18145,Mike Gockenbach,Consumer,Standard Class
531,MG-18145,Mike Gockenbach,Consumer,Standard Class
532,KB-16240,Karen Bern,Corporate,Second Class
533,JC-15340,Jasper Cacioppo,Consumer,Standard Class
534,RL-19615,Rob Lucas,Consumer,Second Class
535,RL-19615,Rob Lucas,Consumer,Second Class
536,AA-10375,Allen Armold,Consumer,Standard Class
537,EP-13915,Emily Phan,Consumer,Second Class
538,MP-17470,Mark Packer,Home Office,Standard Class
539,DK-12985,Darren Koutras,Consumer,Standard Class
540,DK-12985,Darren Koutras,Consumer,Standard Class
541,BD-11500,Bradley Drucker,Consumer,First Class
542,ES-14080,Erin Smith,Corporate,First Class
543,LM-17065,Liz MacKendrick,Consumer,Standard Class
544,PG-18895,Paul Gonzalez,Consumer,Standard Class
545,PG-18895,Paul Gonzalez,Consumer,Standard Class
546,PG-18895,Paul Gonzalez,Consumer,Standard Class
547,AS-10135,Adrian Shami,Home Office,First Class
548,AS-10135,Adrian Shami,Home Office,First Class
549,DK-13225,Dean Katz,Corporate,Second Class
550,DK-13225,Dean Katz,Corporate,Second Class
551,DK-13225,Dean Katz,Corporate,Second Class
552,BD-11320,Bill Donatelli,Consumer,Second Class
553,RC-19960,Ryan Crowe,Consumer,First Class
554,GT-14710,Greg Tran,Consumer,Standard Class
555,DK-13225,Dean Katz,Corporate,Second Class
556,AJ-10945,Ashley Jarboe,Consumer,Second Class
557,OT-18730,Olvera Toch,Consumer,Standard Class
558,OT-18730,Olvera Toch,Consumer,Standard Class
559,OT-18730,Olvera Toch,Consumer,Standard Class
560,LP-17080,Liz Pelletier,Consumer,Second Class
561,LP-17080,Liz Pelletier,Consumer,Second Class
562,CA-12775,Cynthia Arntzen,Consumer,Second Class
563,CA-12775,Cynthia Arntzen,Consumer,Second Class
564,JF-15490,Jeremy Farry,Consumer,First Class
565,JF-15490,Jeremy Farry,Consumer,First Class
566,FP-14320,Frank Preis,Consumer,First Class
567,EB-13840,Ellis Ballard,Corporate,Standard Class
568,EB-13840,Ellis Ballard,Corporate,Standard Class
569,EB-13840,Ellis Ballard,Corporate,Standard Class
570,EB-13840,Ellis Ballard,Corporate,Standard Class
571,JF-15415,Jennifer Ferguson,Consumer,Standard Class
572,JF-15415,Jennifer Ferguson,Consumer,Standard Class
573,JF-15415,Jennifer Ferguson,Consumer,Standard Class
574,JF-15415,Jennifer Ferguson,Consumer,Standard Class
575,SF-20200,Sarah Foster,Consumer,Standard Class
576,TG-21640,Trudy Glocke,Consumer,Second Class
577,TG-21640,Trudy Glocke,Consumer,Second Class
578,TG-21640,Trudy Glocke,Consumer,Second Class
579,CS-11950,Carlos Soltero,Consumer,Standard Class
580,CS-11950,Carlos Soltero,Consumer,Standard Class
581,CC-12145,Charles Crestani,Consumer,Standard Class
582,DV-13465,Dianna Vittorini,Consumer,Standard Class
583,DV-13465,Dianna Vittorini,Consumer,Standard Class
584,DV-13465,Dianna Vittorini,Consumer,Standard Class
585,DV-13465,Dianna Vittorini,Consumer,Standard Class
586,DV-13465,Dianna Vittorini,Consumer,Standard Class
587,BD-11725,Bruce Degenhardt,Consumer,Standard Class
588,BD-11725,Bruce Degenhardt,Consumer,Standard Class
589,ZC-21910,Zuschuss Carroll,Consumer,Standard Class
590,ZC-21910,Zuschuss Carroll,Consumer,Standard Class
591,ZC-21910,Zuschuss Carroll,Consumer,Standard Class
592,ZC-21910,Zuschuss Carroll,Consumer,Standard Class
593,MS-17830,Melanie Seite,Consumer,Standard Class
594,MS-17830,Melanie Seite,Consumer,Standard Class
595,LR-16915,Lena Radford,Consumer,Standard Class
596,LR-16915,Lena Radford,Consumer,Standard Class
597,LR-16915,Lena Radford,Consumer,Standard Class
598,LR-16915,Lena Radford,Consumer,Standard Class
599,TP-21130,Theone Pippenger,Consumer,First Class
600,CK-12205,Chloris Kastensmidt,Consumer,Standard Class
601,CK-12205,Chloris Kastensmidt,Consumer,Standard Class
602,CK-12205,Chloris Kastensmidt,Consumer,Standard Class
603,AS-10240,Alan Shonely,Consumer,Standard Class
604,AS-10240,Alan Shonely,Consumer,Standard Class
605,AS-10240,Alan Shonely,Consumer,Standard Class
606,AS-10240,Alan Shonely,Consumer,Standard Class
607,AS-10240,Alan Shonely,Consumer,Standard Class
608,AR-10510,Andrew Roberts,Consumer,Standard Class
609,AR-10510,Andrew Roberts,Consumer,Standard Class
610,AR-10510,Andrew Roberts,Consumer,Standard Class
611,NB-18655,Nona Balk,Corporate,First Class
612,NB-18655,Nona Balk,Corporate,First Class
613,GD-14590,Giulietta Dortch,Corporate,Second Class
614,GD-14590,Giulietta Dortch,Corporate,Second Class
615,CK-12595,Clytie Kelty,Consumer,Second Class
616,CK-12595,Clytie Kelty,Consumer,Second Class
617,NG-18355,Nat Gilpin,Corporate,Second Class
618,NG-18355,Nat Gilpin,Corporate,Second Class
619,NG-18355,Nat Gilpin,Corporate,Second Class
620,NG-18355,Nat Gilpin,Corporate,Second Class
621,NG-18355,Nat Gilpin,Corporate,Second Class
622,CA-12265,Christina Anderson,Consumer,Standard Class
623,SF-20965,Sylvia Foulston,Corporate,Standard Class
624,SF-20965,Sylvia Foulston,Corporate,Standard Class
625,SF-20965,Sylvia Foulston,Corporate,Standard Class
626,SF-20965,Sylvia Foulston,Corporate,Standard Class
627,MO-17800,Meg O'Connel,Home Office,Standard Class
628,AT-10735,Annie Thurman,Consumer,Standard Class
629,LC-17140,Logan Currie,Consumer,Standard Class
630,LC-17140,Logan Currie,Consumer,Standard Class
631,FM-14380,Fred McMath,Consumer,Second Class
632,FM-14380,Fred McMath,Consumer,Second Class
633,FM-14380,Fred McMath,Consumer,Second Class
634,BD-11605,Brian Dahlen,Consumer,Second Class
635,BD-11605,Brian Dahlen,Consumer,Second Class
636,DJ-13420,Denny Joy,Corporate,Second Class
637,ME-17725,Max Engle,Consumer,Standard Class
638,ME-17725,Max Engle,Consumer,Standard Class
639,RB-19465,Rick Bensley,Home Office,Standard Class
640,RB-19465,Rick Bensley,Home Office,Standard Class
641,JD-16150,Justin Deggeller,Corporate,Standard Class
642,JL-15835,John Lee,Consumer,Second Class
643,JL-15835,John Lee,Consumer,Second Class
644,SC-20305,Sean Christensen,Consumer,Standard Class
645,TW-21025,Tamara Willingham,Home Office,Standard Class
646,CC-12430,Chuck Clark,Home Office,Standard Class
647,BB-10990,Barry Blumstein,Corporate,Standard Class
648,BB-10990,Barry Blumstein,Corporate,Standard Class
649,AR-10825,Anthony Rawles,Corporate,Second Class
650,AR-10825,Anthony Rawles,Corporate,Second Class
651,AR-10825,Anthony Rawles,Corporate,Second Class
652,SR-20740,Steven Roelle,Home Office,Standard Class
653,AR-10405,Allen Rosenblatt,Corporate,Standard Class
654,AR-10405,Allen Rosenblatt,Corporate,Standard Class
655,CR-12730,Craig Reiter,Consumer,Standard Class
656,CR-12730,Craig Reiter,Consumer,Standard Class
657,CR-12730,Craig Reiter,Consumer,Standard Class
658,EH-14125,Eugene Hildebrand,Home Office,Same Day
659,EH-14125,Eugene Hildebrand,Home Office,Same Day
660,CB-12025,Cassandra Brandow,Consumer,Standard Class
661,CB-12025,Cassandra Brandow,Consumer,Standard Class
662,CB-12025,Cassandra Brandow,Consumer,Standard Class
663,CB-12025,Cassandra Brandow,Consumer,Standard Class
664,SP-20545,Sibella Parks,Corporate,Standard Class
665,RC-19825,Roy Collins,Consumer,Same Day
666,TH-21235,Tiffany House,Corporate,Second Class
667,TH-21235,Tiffany House,Corporate,Second Class
668,TH-21235,Tiffany House,Corporate,Second Class
669,RP-19390,Resi Pölking,Consumer,First Class
670,MO-17800,Meg O'Connel,Home Office,Standard Class
671,MO-17800,Meg O'Connel,Home Office,Standard Class
672,MO-17800,Meg O'Connel,Home Office,Standard Class
673,TD-20995,Tamara Dahlen,Consumer,Standard Class
674,RB-19570,Rob Beeghly,Consumer,First Class
675,RB-19570,Rob Beeghly,Consumer,First Class
676,RB-19570,Rob Beeghly,Consumer,First Class
677,CD-11980,Carol Darley,Consumer,Standard Class
678,CD-11980,Carol Darley,Consumer,Standard Class
679,CD-11980,Carol Darley,Consumer,Standard Class
680,CD-11980,Carol Darley,Consumer,Standard Class
681,DJ-13630,Doug Jacobs,Consumer,Standard Class
682,DJ-13630,Doug Jacobs,Consumer,Standard Class
683,DJ-13630,Doug Jacobs,Consumer,Standard Class
684,GT-14635,Grant Thornton,Corporate,Same Day
685,GT-14635,Grant Thornton,Corporate,Same Day
686,MC-17845,Michael Chen,Consumer,First Class
687,MC-17845,Michael Chen,Consumer,First Class
688,MC-17845,Michael Chen,Consumer,First Class
689,RA-19285,Ralph Arnett,Consumer,Standard Class
690,NP-18325,Naresj Patel,Consumer,Second Class
691,NP-18325,Naresj Patel,Consumer,Second Class
692,NP-18325,Naresj Patel,Consumer,Second Class
693,AB-10165,Alan Barnes,Consumer,Standard Class
694,AB-10165,Alan Barnes,Consumer,Standard Class
695,JO-15550,Jesus Ocampo,Home Office,First Class
696,JO-15550,Jesus Ocampo,Home Office,First Class
697,JO-15550,Jesus Ocampo,Home Office,First Class
698,JO-15550,Jesus Ocampo,Home Office,First Class
699,JO-15550,Jesus Ocampo,Home Office,First Class
700,JO-15550,Jesus Ocampo,Home Office,First Class
701,JO-15550,Jesus Ocampo,Home Office,First Class
702,Dl-13600,Dorris liebe,Corporate,Standard Class
703,AS-10285,Alejandro Savely,Corporate,Second Class
704,JK-15370,Jay Kimmel,Consumer,Standard Class
705,BN-11470,Brad Norvell,Corporate,Standard Class
706,BN-11470,Brad Norvell,Corporate,Standard Class
707,BN-11470,Brad Norvell,Corporate,Standard Class
708,DP-13165,David Philippe,Consumer,First Class
709,DP-13165,David Philippe,Consumer,First Class
710,DP-13165,David Philippe,Consumer,First Class
711,TH-21550,Tracy Hopkins,Home Office,First Class
712,AP-10915,Arthur Prichep,Consumer,Standard Class
713,RS-19765,Roland Schwarz,Corporate,Standard Class
714,RS-19765,Roland Schwarz,Corporate,Standard Class
715,RS-19765,Roland Schwarz,Corporate,Standard Class
716,Dl-13600,Dorris liebe,Corporate,Second Class
717,SV-20365,Seth Vernon,Consumer,First Class
718,KC-16540,Kelly Collister,Consumer,Standard Class
719,CK-12325,Christine Kargatis,Home Office,Standard Class
720,CK-12325,Christine Kargatis,Home Office,Standard Class
721,RD-19810,Ross DeVincentis,Home Office,Standard Class
722,MP-17965,Michael Paige,Corporate,Standard Class
723,MP-17965,Michael Paige,Corporate,Standard Class
724,MR-17545,Mathew Reese,Home Office,Standard Class
725,SC-20695,Steve Chapman,Corporate,Standard Class
726,JF-15355,Jay Fein,Consumer,Standard Class
727,JF-15355,Jay Fein,Consumer,Standard Class
728,EG-13900,Emily Grady,Consumer,First Class
729,EG-13900,Emily Grady,Consumer,First Class
730,EG-13900,Emily Grady,Consumer,First Class
731,EG-13900,Emily Grady,Consumer,First Class
732,EG-13900,Emily Grady,Consumer,First Class
733,DS-13030,Darrin Sayre,Home Office,Standard Class
734,DS-13030,Darrin Sayre,Home Office,Standard Class
735,DS-13030,Darrin Sayre,Home Office,Standard Class
736,DS-13030,Darrin Sayre,Home Office,Standard Class
737,DS-13030,Darrin Sayre,Home Office,Standard Class
738,DS-13030,Darrin Sayre,Home Office,Standard Class
739,GZ-14470,Gary Zandusky,Consumer,Standard Class
740,PO-19195,Phillina Ober,Home Office,Standard Class
741,PO-19195,Phillina Ober,Home Office,Standard Class
742,PO-19195,Phillina Ober,Home Office,Standard Class
743,SS-20875,Sung Shariari,Consumer,Standard Class
744,SS-20875,Sung Shariari,Consumer,Standard Class
745,SS-20875,Sung Shariari,Consumer,Standard Class
746,SS-20875,Sung Shariari,Consumer,Standard Class
747,MH-17785,Maya Herman,Corporate,Same Day
748,MH-17785,Maya Herman,Corporate,Same Day
749,PB-19105,Peter Bühler,Consumer,Second Class
750,RF-19735,Roland Fjeld,Consumer,Standard Class
751,RF-19735,Roland Fjeld,Consumer,Standard Class
752,RF-19735,Roland Fjeld,Consumer,Standard Class
753,RF-19735,Roland Fjeld,Consumer,Standard Class
754,YC-21895,Yoseph Carroll,Corporate,First Class
755,MS-17830,Melanie Seite,Consumer,Standard Class
756,NB-18655,Nona Balk,Corporate,Standard Class
757,DC-13285,Debra Catini,Consumer,Standard Class
758,DC-13285,Debra Catini,Consumer,Standard Class
759,CP-12340,Christine Phan,Corporate,Standard Class
760,BF-11020,Barry Französisch,Corporate,Standard Class
761,AR-10510,Andrew Roberts,Consumer,Standard Class
762,JC-16105,Julie Creighton,Corporate,Standard Class
763,LH-17020,Lisa Hazard,Consumer,Standard Class
764,CS-12250,Chris Selesnick,Corporate,Second Class
765,CS-12250,Chris Selesnick,Corporate,Second Class
766,CS-12250,Chris Selesnick,Corporate,Second Class
767,CS-12250,Chris Selesnick,Corporate,Second Class
768,CS-12250,Chris Selesnick,Corporate,Second Class
769,AJ-10795,Anthony Johnson,Corporate,Standard Class
770,LE-16810,Laurel Elliston,Consumer,Standard Class
771,BV-11245,Benjamin Venier,Corporate,Standard Class
772,BV-11245,Benjamin Venier,Corporate,Standard Class
773,BV-11245,Benjamin Venier,Corporate,Standard Class
774,BV-11245,Benjamin Venier,Corporate,Standard Class
775,BV-11245,Benjamin Venier,Corporate,Standard Class
776,BV-11245,Benjamin Venier,Corporate,Standard Class
777,DL-12865,Dan Lawera,Consumer,Standard Class
778,NZ-18565,Nick Zandusky,Home Office,First Class
779,NZ-18565,Nick Zandusky,Home Office,First Class
780,NZ-18565,Nick Zandusky,Home Office,First Class
781,NZ-18565,Nick Zandusky,Home Office,First Class
782,BM-11785,Bryan Mills,Consumer,Second Class
783,BM-11785,Bryan Mills,Consumer,Second Class
784,BM-11785,Bryan Mills,Consumer,Second Class
785,BM-11785,Bryan Mills,Consumer,Second Class
786,EA-14035,Erin Ashbrook,Corporate,Standard Class
787,CL-12565,Clay Ludtke,Consumer,Second Class
788,LT-17110,Liz Thompson,Consumer,Standard Class
789,SA-20830,Sue Ann Reed,Consumer,Standard Class
790,SA-20830,Sue Ann Reed,Consumer,Standard Class
791,SA-20830,Sue Ann Reed,Consumer,Standard Class
792,SA-20830,Sue Ann Reed,Consumer,Standard Class
793,JK-15730,Joe Kamberova,Consumer,Same Day
794,ES-14020,Erica Smith,Consumer,Standard Class
795,ES-14020,Erica Smith,Consumer,Standard Class
796,RH-19495,Rick Hansen,Consumer,Standard Class
797,DB-13120,David Bremer,Corporate,First Class
798,DB-13120,David Bremer,Corporate,First Class
799,DB-13120,David Bremer,Corporate,First Class
800,CD-11920,Carlos Daly,Consumer,Standard Class
801,HW-14935,Helen Wasserman,Corporate,First Class
802,HW-14935,Helen Wasserman,Corporate,First Class
803,HW-14935,Helen Wasserman,Corporate,Second Class
804,MC-18130,Mike Caudle,Corporate,Standard Class
805,GM-14440,Gary McGarr,Consumer,First Class
806,RA-19915,Russell Applegate,Consumer,Standard Class
807,RA-19915,Russell Applegate,Consumer,Standard Class
808,AA-10375,Allen Armold,Consumer,First Class
809,AA-10375,Allen Armold,Consumer,First Class
810,ZC-21910,Zuschuss Carroll,Consumer,First Class
811,ZC-21910,Zuschuss Carroll,Consumer,First Class
812,ZC-21910,Zuschuss Carroll,Consumer,First Class
813,ZC-21910,Zuschuss Carroll,Consumer,First Class
814,PJ-19015,Pauline Johnson,Consumer,Same Day
815,PJ-19015,Pauline Johnson,Consumer,Same Day
816,BW-11110,Bart Watters,Corporate,First Class
817,DB-13210,Dean Braden,Consumer,Standard Class
818,CA-12775,Cynthia Arntzen,Consumer,Standard Class
819,CA-12775,Cynthia Arntzen,Consumer,Standard Class
820,CA-12775,Cynthia Arntzen,Consumer,Standard Class
821,CA-12775,Cynthia Arntzen,Consumer,Standard Class
822,CA-12775,Cynthia Arntzen,Consumer,Standard Class
823,TR-21325,Toby Ritter,Consumer,Standard Class
824,TR-21325,Toby Ritter,Consumer,Standard Class
825,PG-18820,Patrick Gardner,Consumer,Standard Class
826,PG-18820,Patrick Gardner,Consumer,Standard Class
827,GT-14710,Greg Tran,Consumer,Standard Class
828,GT-14710,Greg Tran,Consumer,Standard Class
829,GT-14710,Greg Tran,Consumer,Standard Class
830,JE-15745,Joel Eaton,Consumer,Second Class
831,JE-15745,Joel Eaton,Consumer,Second Class
832,JE-15745,Joel Eaton,Consumer,Second Class
833,JE-15745,Joel Eaton,Consumer,Second Class
834,JB-15400,Jennifer Braxton,Corporate,Standard Class
835,JB-15400,Jennifer Braxton,Corporate,Standard Class
836,JB-15400,Jennifer Braxton,Corporate,Standard Class
837,LH-17020,Lisa Hazard,Consumer,Second Class
838,JL-15175,James Lanier,Home Office,Standard Class
839,EB-13705,Ed Braxton,Corporate,Standard Class
840,BM-11650,Brian Moss,Corporate,Standard Class
841,BM-11650,Brian Moss,Corporate,Standard Class
842,BM-11650,Brian Moss,Corporate,Standard Class
843,EM-14095,Eudokia Martin,Corporate,First Class
844,EM-14095,Eudokia Martin,Corporate,First Class
845,EM-14095,Eudokia Martin,Corporate,First Class
846,EM-14095,Eudokia Martin,Corporate,First Class
847,AF-10885,Art Foster,Consumer,Standard Class
848,AF-10885,Art Foster,Consumer,Standard Class
849,GA-14725,Guy Armstrong,Consumer,Standard Class
850,CK-12760,Cyma Kinney,Corporate,Standard Class
851,DP-13105,Dave Poirier,Corporate,Second Class
852,DP-13105,Dave Poirier,Corporate,Second Class
853,VD-21670,Valerie Dominguez,Consumer,Standard Class
854,GT-14710,Greg Tran,Consumer,Standard Class
855,GT-14710,Greg Tran,Consumer,Standard Class
856,BK-11260,Berenike Kampe,Consumer,Standard Class
857,BK-11260,Berenike Kampe,Consumer,Standard Class
858,BK-11260,Berenike Kampe,Consumer,Standard Class
859,SJ-20125,Sanjit Jacobs,Home Office,Standard Class
860,SJ-20125,Sanjit Jacobs,Home Office,Standard Class
861,CM-12445,Chuck Magee,Consumer,Standard Class
862,CM-12445,Chuck Magee,Consumer,Standard Class
863,AJ-10795,Anthony Johnson,Corporate,Second Class
864,AJ-10795,Anthony Johnson,Corporate,Second Class
865,AJ-10795,Anthony Johnson,Corporate,Second Class
866,AJ-10780,Anthony Jacobs,Corporate,Standard Class
867,AJ-10780,Anthony Jacobs,Corporate,Standard Class
868,LS-16945,Linda Southworth,Corporate,First Class
869,GP-14740,Guy Phonely,Corporate,Standard Class
870,PK-18910,Paul Knutson,Home Office,First Class
871,PK-18910,Paul Knutson,Home Office,First Class
872,TB-21520,Tracy Blumstein,Consumer,First Class
873,SM-20005,Sally Matthias,Consumer,Standard Class
874,SM-20005,Sally Matthias,Consumer,Standard Class
875,GA-14725,Guy Armstrong,Consumer,Standard Class
876,CC-12430,Chuck Clark,Home Office,Standard Class
877,CC-12430,Chuck Clark,Home Office,Standard Class
878,CC-12430,Chuck Clark,Home Office,Standard Class
879,AG-10765,Anthony Garverick,Home Office,Standard Class
880,HP-14815,Harold Pawlan,Home Office,Second Class
881,HP-14815,Harold Pawlan,Home Office,Second Class
882,DK-13090,Dave Kipp,Consumer,Standard Class
883,GZ-14470,Gary Zandusky,Consumer,Same Day
884,PM-19135,Peter McVee,Home Office,First Class
885,LL-16840,Lauren Leatherbury,Consumer,Standard Class
886,JS-15595,Jill Stevenson,Corporate,Second Class
887,OT-18730,Olvera Toch,Consumer,Standard Class
888,EL-13735,Ed Ludwig,Home Office,Standard Class
889,CK-12760,Cyma Kinney,Corporate,Standard Class
890,JE-15475,Jeremy Ellison,Consumer,Standard Class
891,JE-15475,Jeremy Ellison,Consumer,Standard Class
892,TH-21550,Tracy Hopkins,Home Office,First Class
893,TH-21550,Tracy Hopkins,Home Office,First Class
894,TH-21550,Tracy Hopkins,Home Office,First Class
895,PC-18745,Pamela Coakley,Corporate,First Class
896,PC-18745,Pamela Coakley,Corporate,First Class
897,HL-15040,Hunter Lopez,Consumer,Second Class
898,MS-17365,Maribeth Schnelling,Consumer,Standard Class
899,GB-14530,George Bell,Corporate,Second Class
900,JR-16210,Justin Ritter,Corporate,First Class
901,TD-20995,Tamara Dahlen,Consumer,First Class
902,TD-20995,Tamara Dahlen,Consumer,First Class
903,DB-13060,Dave Brooks,Consumer,First Class
904,LC-17140,Logan Currie,Consumer,Standard Class
905,LC-17140,Logan Currie,Consumer,Standard Class
906,LC-17140,Logan Currie,Consumer,Standard Class
907,PO-18865,Patrick O'Donnell,Consumer,Standard Class
908,PO-18865,Patrick O'Donnell,Consumer,Standard Class
909,PO-18865,Patrick O'Donnell,Consumer,Standard Class
910,BE-11335,Bill Eplett,Home Office,Standard Class
911,BE-11335,Bill Eplett,Home Office,Standard Class
912,BE-11335,Bill Eplett,Home Office,Standard Class
913,SC-20050,Sample Company A,Home Office,Standard Class
914,BM-11650,Brian Moss,Corporate,First Class
915,BM-11650,Brian Moss,Corporate,First Class
916,KL-16555,Kelly Lampkin,Corporate,Standard Class
917,KL-16555,Kelly Lampkin,Corporate,Standard Class
918,KL-16555,Kelly Lampkin,Corporate,Standard Class
919,RW-19630,Rob Williams,Corporate,Standard Class
920,RW-19630,Rob Williams,Corporate,Standard Class
921,RC-19825,Roy Collins,Consumer,Standard Class
922,SE-20110,Sanjit Engle,Consumer,Standard Class
923,SE-20110,Sanjit Engle,Consumer,Standard Class
924,SE-20110,Sanjit Engle,Consumer,Standard Class
925,AH-10075,Adam Hart,Corporate,Standard Class
926,JM-15535,Jessica Myrick,Consumer,First Class
927,JM-15535,Jessica Myrick,Consumer,First Class
928,JJ-15760,Joel Jenkins,Home Office,Standard Class
929,JJ-15760,Joel Jenkins,Home Office,Standard Class
930,AB-10165,Alan Barnes,Consumer,First Class
931,AB-10165,Alan Barnes,Consumer,First Class
932,AB-10165,Alan Barnes,Consumer,First Class
933,RK-19300,Ralph Kennedy,Consumer,Standard Class
934,CG-12040,Catherine Glotzbach,Home Office,Standard Class
935,CG-12040,Catherine Glotzbach,Home Office,Standard Class
936,CG-12040,Catherine Glotzbach,Home Office,Standard Class
937,CG-12040,Catherine Glotzbach,Home Office,Standard Class
938,RA-19885,Ruben Ausman,Corporate,First Class
939,RP-19270,Rachel Payne,Corporate,Standard Class
940,RP-19270,Rachel Payne,Corporate,Standard Class
941,KC-16255,Karen Carlisle,Corporate,First Class
942,RW-19630,Rob Williams,Corporate,Standard Class
943,RW-19630,Rob Williams,Corporate,Standard Class
944,JL-15850,John Lucas,Consumer,Standard Class
945,JL-15850,John Lucas,Consumer,Standard Class
946,JL-15850,John Lucas,Consumer,Standard Class
947,CA-12775,Cynthia Arntzen,Consumer,First Class
948,RB-19795,Ross Baird,Home Office,Standard Class
949,RB-19795,Ross Baird,Home Office,Standard Class
950,RB-19795,Ross Baird,Home Office,Standard Class
951,RB-19795,Ross Baird,Home Office,Standard Class
952,RB-19795,Ross Baird,Home Office,Standard Class
953,KH-16360,Katherine Hughes,Consumer,Standard Class
954,GH-14665,Greg Hansen,Consumer,Standard Class
955,GH-14665,Greg Hansen,Consumer,Standard Class
956,SW-20275,Scott Williamson,Consumer,Standard Class
957,JA-15970,Joseph Airdo,Consumer,Second Class
958,JA-15970,Joseph Airdo,Consumer,Second Class
959,JA-15970,Joseph Airdo,Consumer,Second Class
960,DL-12925,Daniel Lacy,Consumer,Same Day
961,LW-16990,Lindsay Williams,Corporate,Standard Class
962,TB-21190,Thomas Brumley,Home Office,Standard Class
963,CV-12805,Cynthia Voltz,Corporate,First Class
964,MS-17365,Maribeth Schnelling,Consumer,Second Class
965,BS-11800,Bryan Spruell,Home Office,First Class
966,BS-11800,Bryan Spruell,Home Office,First Class
967,BS-11800,Bryan Spruell,Home Office,First Class
968,BS-11800,Bryan Spruell,Home Office,First Class
969,BS-11800,Bryan Spruell,Home Office,First Class
970,BS-11800,Bryan Spruell,Home Office,First Class
971,DL-13315,Delfina Latchford,Consumer,Second Class
972,DL-13315,Delfina Latchford,Consumer,Second Class
973,DL-13315,Delfina Latchford,Consumer,Second Class
974,DL-13315,Delfina Latchford,Consumer,Second Class
975,PO-19195,Phillina Ober,Home Office,Second Class
976,PO-19195,Phillina Ober,Home Office,Second Class
977,TD-20995,Tamara Dahlen,Consumer,Standard Class
978,BW-11110,Bart Watters,Corporate,First Class
979,RW-19690,Robert Waldorf,Consumer,First Class
980,KB-16600,Ken Brennan,Corporate,First Class
981,EB-13870,Emily Burns,Consumer,Standard Class
982,TZ-21580,Tracy Zic,Consumer,Second Class
983,TZ-21580,Tracy Zic,Consumer,Second Class
984,TZ-21580,Tracy Zic,Consumer,Second Class
985,AS-10630,Ann Steele,Home Office,Standard Class
986,AS-10630,Ann Steele,Home Office,Standard Class
987,AS-10630,Ann Steele,Home Office,Standard Class
988,TS-21340,Toby Swindell,Consumer,Same Day
989,JG-15805,John Grady,Corporate,Standard Class
990,JG-15805,John Grady,Corporate,Standard Class
991,SL-20155,Sara Luxemburg,Home Office,Second Class
992,TS-21610,Troy Staebel,Consumer,First Class
993,RF-19735,Roland Fjeld,Consumer,First Class
994,RF-19735,Roland Fjeld,Consumer,First Class
995,MW-18235,Mitch Willingham,Corporate,Standard Class
996,MW-18235,Mitch Willingham,Corporate,Standard Class
997,RD-19585,Rob Dowd,Consumer,Standard Class
998,RD-19585,Rob Dowd,Consumer,Standard Class
999,RD-19585,Rob Dowd,Consumer,Standard Class
1000,RD-19585,Rob Dowd,Consumer,Standard Class
1001,FM-14290,Frank Merwin,Home Office,Standard Class
1002,RH-19495,Rick Hansen,Consumer,Same Day
1003,RH-19495,Rick Hansen,Consumer,Same Day
1004,RH-19495,Rick Hansen,Consumer,Same Day
1005,RA-19945,Ryan Akin,Consumer,Standard Class
1006,JK-15730,Joe Kamberova,Consumer,Standard Class
1007,MT-17815,Meg Tillman,Consumer,First Class
1008,MT-17815,Meg Tillman,Consumer,First Class
1009,PO-18850,Patrick O'Brill,Consumer,Standard Class
