location_id,Country,State,City,Region,Postal Code
1,United States,Kentucky,Henderson,South,42420
2,United States,Kentucky,Henderson,South,42420
3,United States,California,Los Angeles,West,90036
4,United States,Florida,Fort Lauderdale,South,33311
5,United States,Florida,Fort Lauderdale,South,33311
6,United States,California,Los Angeles,West,90032
7,United States,California,Los Angeles,West,90032
8,United States,California,Los Angeles,West,90032
9,United States,California,Los Angeles,West,90032
10,United States,California,Los Angeles,West,90032
11,United States,California,Los Angeles,West,90032
12,United States,California,Los Angeles,West,90032
13,United States,North Carolina,Concord,South,28027
14,United States,Washington,Seattle,West,98103
15,United States,Texas,Fort Worth,Central,76106
16,United States,Texas,Fort Worth,Central,76106
17,United States,Wisconsin,Madison,Central,53711
18,United States,Utah,West Jordan,West,84084
19,United States,California,San Francisco,West,94109
20,United States,California,San Francisco,West,94109
21,United States,California,San Francisco,West,94109
22,United States,Nebraska,Fremont,Central,68025
23,United States,Nebraska,Fremont,Central,68025
24,United States,Pennsylvania,Philadelphia,East,19140
25,United States,Utah,Orem,West,84057
26,United States,California,Los Angeles,West,90049
27,United States,California,Los Angeles,West,90049
28,United States,Pennsylvania,Philadelphia,East,19140
29,United States,Pennsylvania,Philadelphia,East,19140
30,United States,Pennsylvania,Philadelphia,East,19140
31,United States,Pennsylvania,Philadelphia,East,19140
32,United States,Pennsylvania,Philadelphia,East,19140
33,United States,Pennsylvania,Philadelphia,East,19140
34,United States,Pennsylvania,Philadelphia,East,19140
35,United States,Texas,Houston,Central,77095
36,United States,Texas,Richardson,Central,75080
37,United States,Texas,Richardson,Central,75080
38,United States,Texas,Houston,Central,77041
39,United States,Texas,Houston,Central,77041
40,United States,Texas,Houston,Central,77041
41,United States,Texas,Houston,Central,77041
42,United States,Illinois,Naperville,Central,60540
43,United States,California,Los Angeles,West,90049
44,United States,Florida,Melbourne,South,32935
45,United States,Minnesota,Eagan,Central,55122
46,United States,Minnesota,Eagan,Central,55122
47,United States,Michigan,Westland,Central,48185
48,United States,Delaware,Dover,East,19901
49,United States,Delaware,Dover,East,19901
50,United States,Indiana,New Albany,Central,47150
51,United States,Indiana,New Albany,Central,47150
52,United States,Indiana,New Albany,Central,47150
53,United States,Indiana,New Albany,Central,47150
54,United States,New York,New York City,East,10024
55,United States,New York,New York City,East,10024
56,United States,New York,Troy,East,12180
57,United States,New York,Troy,East,12180
58,United States,New York,Troy,East,12180
59,United States,New York,Troy,East,12180
60,United States,New York,Troy,East,12180
61,United States,New York,Troy,East,12180
62,United States,New York,Troy,East,12180
63,United States,California,Los Angeles,West,90004
64,United States,California,Los Angeles,West,90004
65,United States,California,Los Angeles,West,90004
66,United States,California,Los Angeles,West,90004
67,United States,Illinois,Chicago,Central,60610
68,United States,Arizona,Gilbert,West,85234
69,United States,Arizona,Gilbert,West,85234
70,United States,Virginia,Springfield,South,22153
71,United States,New York,New York City,East,10009
72,United States,Michigan,Jackson,Central,49201
73,United States,Tennessee,Memphis,South,38109
74,United States,Tennessee,Memphis,South,38109
75,United States,Tennessee,Memphis,South,38109
76,United States,Texas,Houston,Central,77041
77,United States,Texas,Houston,Central,77041
78,United States,Texas,Houston,Central,77041
79,United States,Texas,Houston,Central,77070
80,United States,Alabama,Decatur,South,35601
81,United States,Alabama,Decatur,South,35601
82,United States,California,San Francisco,West,94122
83,United States,California,San Francisco,West,94122
84,United States,North Carolina,Durham,South,27707
85,United States,Illinois,Chicago,Central,60623
86,United States,South Carolina,Columbia,South,29203
87,United States,Minnesota,Rochester,Central,55901
88,United States,Minnesota,Rochester,Central,55901
89,United States,Texas,Houston,Central,77095
90,United States,California,Los Angeles,West,90036
91,United States,California,Los Angeles,West,90036
92,United States,California,Los Angeles,West,90036
93,United States,Minnesota,Minneapolis,Central,55407
94,United States,Minnesota,Minneapolis,Central,55407
95,United States,Minnesota,Minneapolis,Central,55407
96,United States,Oregon,Portland,West,97206
97,United States,New York,New York City,East,10009
98,United States,California,San Francisco,West,94122
99,United States,Minnesota,Saint Paul,Central,55106
100,United States,Illinois,Chicago,Central,60610
101,United States,Illinois,Chicago,Central,60610
102,United States,Illinois,Chicago,Central,60610
103,United States,Minnesota,Rochester,Central,55901
104,United States,Colorado,Aurora,West,80013
105,United States,Colorado,Aurora,West,80013
106,United States,Colorado,Aurora,West,80013
107,United States,North Carolina,Charlotte,South,28205
108,United States,North Carolina,Charlotte,South,28205
109,United States,North Carolina,Charlotte,South,28205
110,United States,Illinois,Orland Park,Central,60462
111,United States,New York,New York City,East,10035
112,United States,Iowa,Urbandale,Central,50322
113,United States,Iowa,Urbandale,Central,50322
114,United States,Ohio,Columbus,East,43229
115,United States,Ohio,Columbus,East,43229
116,United States,Ohio,Columbus,East,43229
117,United States,Ohio,Columbus,East,43229
118,United States,Washington,Seattle,West,98103
119,United States,Tennessee,Bristol,South,37620
120,United States,Delaware,Wilmington,East,19805
121,United States,Delaware,Wilmington,East,19805
122,United States,Delaware,Wilmington,East,19805
123,United States,Delaware,Wilmington,East,19805
124,United States,Delaware,Wilmington,East,19805
125,United States,Texas,Houston,Central,77041
126,United States,Illinois,Bloomington,Central,61701
127,United States,Arizona,Phoenix,West,85023
128,United States,Arizona,Phoenix,West,85023
129,United States,California,Los Angeles,West,90004
130,United States,California,Los Angeles,West,90004
131,United States,Ohio,Columbus,East,43229
132,United States,Ohio,Columbus,East,43229
133,United States,Ohio,Columbus,East,43229
134,United States,California,Roseville,West,95661
135,United States,California,Roseville,West,95661
136,United States,California,Roseville,West,95661
137,United States,California,Roseville,West,95661
138,United States,California,Roseville,West,95661
139,United States,California,Roseville,West,95661
140,United States,California,Roseville,West,95661
141,United States,Pennsylvania,Philadelphia,East,19140
142,United States,California,San Francisco,West,94122
143,United States,California,San Francisco,West,94122
144,United States,California,San Francisco,West,94122
145,United States,Missouri,Independence,Central,64055
146,United States,California,Pasadena,West,91104
147,United States,Ohio,Newark,East,43055
148,United States,Wisconsin,Franklin,Central,53132
149,United States,Wisconsin,Franklin,Central,53132
150,United States,Wisconsin,Franklin,Central,53132
151,United States,Wisconsin,Franklin,Central,53132
152,United States,Arizona,Scottsdale,West,85254
153,United States,Arizona,Scottsdale,West,85254
154,United States,California,San Jose,West,95123
155,United States,California,San Jose,West,95123
156,United States,California,San Jose,West,95123
157,United States,Washington,Seattle,West,98105
158,United States,Washington,Seattle,West,98115
159,United States,Oklahoma,Edmond,Central,73034
160,United States,Oklahoma,Edmond,Central,73034
161,United States,California,Los Angeles,West,90045
162,United States,Pennsylvania,Philadelphia,East,19134
163,United States,New Mexico,Carlsbad,West,88220
164,United States,Washington,Seattle,West,98115
165,United States,Texas,San Antonio,Central,78207
166,United States,Texas,San Antonio,Central,78207
167,United States,Texas,San Antonio,Central,78207
168,United States,Texas,San Antonio,Central,78207
169,United States,Texas,San Antonio,Central,78207
170,United States,Texas,San Antonio,Central,78207
171,United States,Texas,San Antonio,Central,78207
172,United States,California,Los Angeles,West,90004
173,United States,California,Los Angeles,West,90004
174,United States,California,Los Angeles,West,90004
175,United States,Illinois,Chicago,Central,60623
176,United States,Illinois,Chicago,Central,60623
177,United States,Texas,Houston,Central,77036
178,United States,Ohio,Newark,East,43055
179,United States,Ohio,Newark,East,43055
180,United States,New York,New York City,East,10009
181,United States,Illinois,Decatur,Central,62521
182,United States,Illinois,Decatur,Central,62521
183,United States,Louisiana,Monroe,South,71203
184,United States,Louisiana,Monroe,South,71203
185,United States,Louisiana,Monroe,South,71203
186,United States,Connecticut,Fairfield,East,6824
187,United States,California,Los Angeles,West,90032
188,United States,Texas,Grand Prairie,Central,75051
189,United States,Texas,Grand Prairie,Central,75051
190,United States,New York,New York City,East,10035
191,United States,New York,New York City,East,10035
192,United States,New York,New York City,East,10035
193,United States,New York,New York City,East,10035
194,United States,New York,New York City,East,10035
195,United States,California,Redlands,West,92374
196,United States,Ohio,Hamilton,East,45011
197,United States,Ohio,Hamilton,East,45011
198,United States,New Jersey,Westfield,East,7090
199,United States,Pennsylvania,Philadelphia,East,19120
200,United States,Pennsylvania,Philadelphia,East,19120
201,United States,Ohio,Akron,East,44312
202,United States,Colorado,Denver,West,80219
203,United States,Colorado,Denver,West,80219
204,United States,Texas,Dallas,Central,75220
205,United States,Tennessee,Franklin,South,37064
206,United States,California,Whittier,West,90604
207,United States,Michigan,Saginaw,Central,48601
208,United States,Michigan,Saginaw,Central,48601
209,United States,Michigan,Saginaw,Central,48601
210,United States,Michigan,Saginaw,Central,48601
211,United States,Michigan,Saginaw,Central,48601
212,United States,Texas,Dallas,Central,75220
213,United States,Ohio,Medina,East,44256
214,United States,Ohio,Medina,East,44256
215,United States,Ohio,Medina,East,44256
216,United States,Ohio,Medina,East,44256
217,United States,Ohio,Medina,East,44256
218,United States,California,Los Angeles,West,90032
219,United States,California,Los Angeles,West,90032
220,United States,Ohio,Dublin,East,43017
221,United States,Ohio,Dublin,East,43017
222,United States,Ohio,Dublin,East,43017
223,United States,Ohio,Dublin,East,43017
224,United States,Ohio,Dublin,East,43017
225,United States,Ohio,Dublin,East,43017
226,United States,Michigan,Detroit,Central,48227
227,United States,Michigan,Detroit,Central,48227
228,United States,Michigan,Detroit,Central,48227
229,United States,Tennessee,Columbia,South,38401
230,United States,Tennessee,Columbia,South,38401
231,United States,North Carolina,Charlotte,South,28205
232,United States,Florida,Tampa,South,33614
233,United States,Florida,Tampa,South,33614
234,United States,Florida,Tampa,South,33614
235,United States,Florida,Tampa,South,33614
236,United States,Florida,Tampa,South,33614
237,United States,California,Santa Clara,West,95051
238,United States,Illinois,Chicago,Central,60610
239,United States,Illinois,Chicago,Central,60610
240,United States,Illinois,Chicago,Central,60610
241,United States,Illinois,Chicago,Central,60610
242,United States,Illinois,Chicago,Central,60610
243,United States,Illinois,Chicago,Central,60610
244,United States,Illinois,Chicago,Central,60610
245,United States,Minnesota,Lakeville,Central,55044
246,United States,Minnesota,Lakeville,Central,55044
247,United States,Minnesota,Lakeville,Central,55044
248,United States,Minnesota,Lakeville,Central,55044
249,United States,Minnesota,Lakeville,Central,55044
250,United States,California,San Francisco,West,94109
251,United States,California,San Diego,West,92037
252,United States,California,San Diego,West,92037
253,United States,New York,New York City,East,10024
254,United States,New York,New York City,East,10024
255,United States,Illinois,Chicago,Central,60623
256,United States,Illinois,Chicago,Central,60623
257,United States,Illinois,Chicago,Central,60623
258,United States,Illinois,Chicago,Central,60623
259,United States,New York,New York City,East,10009
260,United States,New York,New York City,East,10009
261,United States,New York,New York City,East,10009
262,United States,Texas,Pasadena,Central,77506
263,United States,Texas,Houston,Central,77036
264,United States,Texas,Houston,Central,77036
265,United States,Illinois,Chicago,Central,60610
266,United States,California,Brentwood,West,94513
267,United States,North Carolina,Chapel Hill,South,27514
268,United States,New Jersey,Morristown,East,7960
269,United States,Ohio,Cincinnati,East,45231
270,United States,Ohio,Cincinnati,East,45231
271,United States,California,San Francisco,West,94110
272,United States,California,San Francisco,West,94109
273,United States,California,San Francisco,West,94109
274,United States,California,San Francisco,West,94109
275,United States,California,Inglewood,West,90301
276,United States,California,Inglewood,West,90301
277,United States,Pennsylvania,Philadelphia,East,19140
278,United States,Pennsylvania,Philadelphia,East,19140
279,United States,Pennsylvania,Philadelphia,East,19140
280,United States,Pennsylvania,Philadelphia,East,19140
281,United States,Texas,Houston,Central,77070
282,United States,Texas,Houston,Central,77070
283,United States,California,Los Angeles,West,90004
284,United States,Oregon,Portland,West,97206
285,United States,Oregon,Portland,West,97206
286,United States,Oregon,Portland,West,97206
287,United States,Florida,Tamarac,South,33319
288,United States,Florida,Tamarac,South,33319
289,United States,Florida,Tamarac,South,33319
290,United States,Ohio,Columbus,East,43229
291,United States,Ohio,Columbus,East,43229
292,United States,Ohio,Columbus,East,43229
293,United States,Ohio,Columbus,East,43229
294,United States,Colorado,Colorado Springs,West,80906
295,United States,Colorado,Colorado Springs,West,80906
296,United States,Colorado,Colorado Springs,West,80906
297,United States,Colorado,Colorado Springs,West,80906
298,United States,Colorado,Colorado Springs,West,80906
299,United States,New Jersey,Belleville,East,7109
300,United States,New Jersey,Belleville,East,7109
301,United States,New Jersey,Belleville,East,7109
302,United States,New Jersey,Belleville,East,7109
303,United States,New Jersey,Belleville,East,7109
304,United States,Illinois,Chicago,Central,60623
305,United States,New York,New York City,East,10024
306,United States,Michigan,Taylor,Central,48180
307,United States,New Jersey,Lakewood,East,8701
308,United States,New Jersey,Lakewood,East,8701
309,United States,Virginia,Arlington,South,22204
310,United States,Colorado,Arvada,West,80004
311,United States,Colorado,Arvada,West,80004
312,United States,Colorado,Arvada,West,80004
313,United States,Colorado,Arvada,West,80004
314,United States,New Jersey,Hackensack,East,7601
315,United States,Florida,Saint Petersburg,South,33710
316,United States,Florida,Saint Petersburg,South,33710
317,United States,Pennsylvania,Philadelphia,East,19143
318,United States,New York,New York City,East,10024
319,United States,New York,New York City,East,10024
320,United States,New York,New York City,East,10024
321,United States,New York,New York City,East,10024
322,United States,New York,New York City,East,10024
323,United States,California,Long Beach,West,90805
324,United States,California,Hesperia,West,92345
325,United States,California,Hesperia,West,92345
326,United States,Tennessee,Murfreesboro,South,37130
327,United States,Pennsylvania,Philadelphia,East,19143
328,United States,Pennsylvania,Philadelphia,East,19143
329,United States,Pennsylvania,Philadelphia,East,19143
330,United States,Pennsylvania,Philadelphia,East,19143
331,United States,Pennsylvania,Philadelphia,East,19143
332,United States,Pennsylvania,Philadelphia,East,19134
333,United States,Pennsylvania,Philadelphia,East,19134
334,United States,Pennsylvania,Philadelphia,East,19134
335,United States,California,Los Angeles,West,90045
336,United States,California,Los Angeles,West,90045
337,United States,California,Los Angeles,West,90045
338,United States,California,San Francisco,West,94122
339,United States,California,San Francisco,West,94122
340,United States,Utah,Layton,West,84041
341,United States,Pennsylvania,Philadelphia,East,19140
342,United States,Pennsylvania,Philadelphia,East,19140
343,United States,Pennsylvania,Philadelphia,East,19140
344,United States,Pennsylvania,Philadelphia,East,19140
345,United States,Texas,Austin,Central,78745
346,United States,California,San Francisco,West,94122
347,United States,Massachusetts,Lowell,East,1852
348,United States,Massachusetts,Lowell,East,1852
349,United States,Massachusetts,Lowell,East,1852
350,United States,New York,New York City,East,10009
351,United States,New York,New York City,East,10009
352,United States,New York,New York City,East,10009
353,United States,New York,New York City,East,10009
354,United States,New York,New York City,East,10009
355,United States,New York,New York City,East,10035
356,United States,New York,New York City,East,10035
357,United States,New York,New York City,East,10035
358,United States,New York,New York City,East,10035
359,United States,North Carolina,Charlotte,South,28205
360,United States,Georgia,Columbus,South,31907
361,United States,Georgia,Columbus,South,31907
362,United States,New York,New York City,East,10009
363,United States,New York,New York City,East,10009
364,United States,New York,New York City,East,10009
365,United States,New York,New York City,East,10009
366,United States,California,San Francisco,West,94109
367,United States,Connecticut,Manchester,East,6040
368,United States,Connecticut,Manchester,East,6040
369,United States,Connecticut,Manchester,East,6040
370,United States,Connecticut,Manchester,East,6040
371,United States,Texas,Harlingen,Central,78550
372,United States,Texas,Harlingen,Central,78550
373,United States,Arizona,Tucson,West,85705
374,United States,Arizona,Tucson,West,85705
375,United States,Arizona,Tucson,West,85705
376,United States,Arizona,Tucson,West,85705
377,United States,Illinois,Quincy,Central,62301
378,United States,Massachusetts,Franklin,East,2038
379,United States,Texas,Houston,Central,77095
380,United States,Texas,Houston,Central,77095
381,United States,Texas,Houston,Central,77095
382,United States,California,San Francisco,West,94109
383,United States,California,San Francisco,West,94109
384,United States,Michigan,Taylor,Central,48180
385,United States,Florida,Pembroke Pines,South,33024
386,United States,Florida,Pembroke Pines,South,33024
387,United States,Pennsylvania,Philadelphia,East,19140
388,United States,Pennsylvania,Philadelphia,East,19140
389,United States,Ohio,Cincinnati,East,45231
390,United States,New York,New York City,East,10009
391,United States,New York,New York City,East,10009
392,United States,Washington,Des Moines,West,98198
393,United States,Washington,Des Moines,West,98198
394,United States,Illinois,Peoria,Central,61604
395,United States,Nevada,Las Vegas,West,89115
396,United States,Rhode Island,Warwick,East,2886
397,United States,Rhode Island,Warwick,East,2886
398,United States,Michigan,Jackson,Central,49201
399,United States,Texas,Houston,Central,77036
400,United States,Texas,Houston,Central,77036
401,United States,Texas,Houston,Central,77036
402,United States,Texas,Houston,Central,77036
403,United States,Florida,Miami,South,33180
404,United States,North Carolina,Wilmington,South,28403
405,United States,New York,New York City,East,10024
406,United States,California,San Francisco,West,94110
407,United States,California,San Francisco,West,94110
408,United States,California,San Francisco,West,94110
409,United States,California,San Francisco,West,94110
410,United States,California,San Francisco,West,94110
411,United States,California,San Francisco,West,94110
412,United States,California,San Francisco,West,94110
413,United States,California,San Francisco,West,94110
414,United States,California,San Francisco,West,94110
415,United States,Washington,Seattle,West,98105
416,United States,Washington,Seattle,West,98105
417,United States,California,Huntington Beach,West,92646
418,United States,California,Los Angeles,West,90004
419,United States,Kentucky,Richmond,South,40475
420,United States,California,Los Angeles,West,90045
421,United States,California,Los Angeles,West,90045
422,United States,Colorado,Louisville,West,80027
423,United States,Massachusetts,Lawrence,East,1841
424,United States,Massachusetts,Lawrence,East,1841
425,United States,Mississippi,Jackson,South,39212
426,United States,Michigan,Canton,Central,48187
427,United States,Michigan,Canton,Central,48187
428,United States,New York,New Rochelle,East,10801
429,United States,Texas,San Antonio,Central,78207
430,United States,North Carolina,Gastonia,South,28052
431,United States,North Carolina,Gastonia,South,28052
432,United States,North Carolina,Gastonia,South,28052
433,United States,North Carolina,Gastonia,South,28052
434,United States,Massachusetts,Lowell,East,1852
435,United States,Florida,Jacksonville,South,32216
436,United States,Florida,Jacksonville,South,32216
437,United States,Illinois,Chicago,Central,60623
438,United States,Illinois,Chicago,Central,60623
439,United States,Texas,Houston,Central,77070
440,United States,New York,New York City,East,10024
441,United States,Michigan,Detroit,Central,48227
442,United States,Michigan,Detroit,Central,48227
443,United States,Michigan,Detroit,Central,48227
444,United States,Michigan,Detroit,Central,48227
445,United States,Michigan,Detroit,Central,48227
446,United States,Michigan,Detroit,Central,48227
447,United States,Indiana,Columbus,Central,47201
448,United States,New York,Auburn,East,13021
449,United States,New York,Auburn,East,13021
450,United States,New York,Auburn,East,13021
451,United States,New York,Auburn,East,13021
452,United States,New York,Auburn,East,13021
453,United States,New York,Auburn,East,13021
454,United States,Ohio,Akron,East,44312
455,United States,Ohio,Akron,East,44312
456,United States,Oklahoma,Norman,Central,73071
457,United States,California,Concord,West,94521
458,United States,Illinois,Decatur,Central,62521
459,United States,Illinois,Decatur,Central,62521
460,United States,Washington,Seattle,West,98115
461,United States,Washington,Seattle,West,98115
462,United States,Washington,Seattle,West,98115
463,United States,Arizona,Phoenix,West,85023
464,United States,Arizona,Phoenix,West,85023
465,United States,Arizona,Phoenix,West,85023
466,United States,Arizona,Phoenix,West,85023
467,United States,Arizona,Phoenix,West,85023
468,United States,Illinois,Park Ridge,Central,60068
469,United States,Texas,Amarillo,Central,79109
470,United States,Illinois,Chicago,Central,60610
471,United States,New York,Lindenhurst,East,11757
472,United States,California,San Francisco,West,94110
473,United States,California,San Francisco,West,94110
474,United States,California,San Francisco,West,94110
475,United States,California,San Francisco,West,94110
476,United States,California,San Francisco,West,94110
477,United States,California,San Francisco,West,94110
478,United States,California,Los Angeles,West,90008
479,United States,New York,Troy,East,12180
480,United States,New York,New York City,East,10024
481,United States,New York,New York City,East,10024
482,United States,California,San Diego,West,92024
483,United States,New York,New York City,East,10024
484,United States,New York,New York City,East,10024
485,United States,California,Los Angeles,West,90045
486,United States,California,Los Angeles,West,90045
487,United States,California,Los Angeles,West,90045
488,United States,Illinois,Chicago,Central,60610
489,United States,Texas,Huntsville,Central,77340
490,United States,Texas,Huntsville,Central,77340
491,United States,Texas,Huntsville,Central,77340
492,United States,New York,Rochester,East,14609
493,United States,New York,Rochester,East,14609
494,United States,Washington,Seattle,West,98115
495,United States,Tennessee,Memphis,South,38109
496,United States,Arkansas,Fayetteville,South,72701
497,United States,California,Costa Mesa,West,92627
498,United States,California,Costa Mesa,West,92627
499,United States,California,Costa Mesa,West,92627
500,United States,California,Costa Mesa,West,92627
501,United States,Colorado,Parker,West,80134
502,United States,Colorado,Parker,West,80134
503,United States,Colorado,Parker,West,80134
504,United States,Colorado,Parker,West,80134
505,United States,Colorado,Parker,West,80134
506,United States,New York,New York City,East,10024
507,United States,Georgia,Atlanta,South,30318
508,United States,Georgia,Atlanta,South,30318
509,United States,Georgia,Atlanta,South,30318
510,United States,Georgia,Atlanta,South,30318
511,United States,Missouri,Gladstone,Central,64118
512,United States,Missouri,Gladstone,Central,64118
513,United States,Ohio,Newark,East,43055
514,United States,California,Los Angeles,West,90049
515,United States,California,Los Angeles,West,90049
516,United States,Montana,Great Falls,West,59405
517,United States,Montana,Great Falls,West,59405
518,United States,Montana,Great Falls,West,59405
519,United States,Montana,Great Falls,West,59405
520,United States,Texas,Houston,Central,77041
521,United States,Texas,Houston,Central,77041
522,United States,Texas,Houston,Central,77041
523,United States,Michigan,Detroit,Central,48234
524,United States,California,Los Angeles,West,90032
525,United States,California,Los Angeles,West,90032
526,United States,Massachusetts,Lawrence,East,1841
527,United States,Florida,Lakeland,South,33801
528,United States,Florida,Lakeland,South,33801
529,United States,Pennsylvania,Philadelphia,East,19134
530,United States,Pennsylvania,Philadelphia,East,19134
531,United States,Pennsylvania,Philadelphia,East,19134
532,United States,California,Los Angeles,West,90036
533,United States,California,Los Angeles,West,90032
534,United States,Alabama,Montgomery,South,36116
535,United States,Alabama,Montgomery,South,36116
536,United States,Arizona,Mesa,West,85204
537,United States,Illinois,Chicago,Central,60653
538,United States,New York,New York City,East,10009
539,United States,Kentucky,Henderson,South,42420
540,United States,Kentucky,Henderson,South,42420
541,United States,Wisconsin,Green Bay,Central,54302
542,United States,Arizona,Tucson,West,85705
543,United States,Ohio,Springfield,East,45503
544,United States,Texas,Fort Worth,Central,76106
545,United States,Texas,Fort Worth,Central,76106
546,United States,Texas,Fort Worth,Central,76106
547,United States,New York,New York City,East,10035
548,United States,New York,New York City,East,10035
549,United States,Illinois,Chicago,Central,60653
550,United States,Illinois,Chicago,Central,60653
551,United States,Illinois,Chicago,Central,60653
552,United States,California,San Francisco,West,94110
553,United States,Florida,Jacksonville,South,32216
554,United States,Texas,Houston,Central,77070
555,United States,California,Anaheim,West,92804
556,United States,North Carolina,Wilmington,South,28403
557,United States,California,Los Angeles,West,90045
558,United States,California,Los Angeles,West,90045
559,United States,California,Los Angeles,West,90045
560,United States,California,San Francisco,West,94110
561,United States,California,San Francisco,West,94110
562,United States,Florida,Tampa,South,33614
563,United States,Florida,Tampa,South,33614
564,United States,Washington,Seattle,West,98105
565,United States,Washington,Seattle,West,98105
566,United States,California,Los Angeles,West,90008
567,United States,Washington,Seattle,West,98105
568,United States,Washington,Seattle,West,98105
569,United States,Washington,Seattle,West,98105
570,United States,Washington,Seattle,West,98105
571,United States,New York,New York City,East,10024
572,United States,New York,New York City,East,10024
573,United States,New York,New York City,East,10024
574,United States,New York,New York City,East,10024
575,United States,Washington,Marysville,West,98270
576,United States,California,Long Beach,West,90805
577,United States,California,Long Beach,West,90805
578,United States,California,Long Beach,West,90805
579,United States,Illinois,Chicago,Central,60610
580,United States,Illinois,Chicago,Central,60610
581,United States,California,Los Angeles,West,90004
582,United States,Colorado,Denver,West,80219
583,United States,Colorado,Denver,West,80219
584,United States,Colorado,Denver,West,80219
585,United States,Colorado,Denver,West,80219
586,United States,Colorado,Denver,West,80219
587,United States,Kentucky,Richmond,South,40475
588,United States,Kentucky,Richmond,South,40475
589,United States,Oregon,Salem,West,97301
590,United States,Oregon,Salem,West,97301
591,United States,Oregon,Salem,West,97301
592,United States,Oregon,Salem,West,97301
593,United States,Texas,Laredo,Central,78041
594,United States,Texas,Laredo,Central,78041
595,United States,California,San Diego,West,92024
596,United States,California,San Diego,West,92024
597,United States,California,San Diego,West,92024
598,United States,California,San Diego,West,92024
599,United States,Pennsylvania,Philadelphia,East,19134
600,United States,Pennsylvania,Philadelphia,East,19120
601,United States,Pennsylvania,Philadelphia,East,19120
602,United States,Pennsylvania,Philadelphia,East,19120
603,United States,Florida,Tampa,South,33614
604,United States,Florida,Tampa,South,33614
605,United States,Florida,Tampa,South,33614
606,United States,Florida,Tampa,South,33614
607,United States,Florida,Tampa,South,33614
608,United States,Pennsylvania,Philadelphia,East,19134
609,United States,Pennsylvania,Philadelphia,East,19134
610,United States,Pennsylvania,Philadelphia,East,19134
611,United States,Texas,Dallas,Central,75217
612,United States,Texas,Dallas,Central,75217
613,United States,Pennsylvania,Philadelphia,East,19143
614,United States,Pennsylvania,Philadelphia,East,19143
615,United States,Ohio,Grove City,East,43123
616,United States,Ohio,Grove City,East,43123
617,United States,New York,New York City,East,10011
618,United States,New York,New York City,East,10011
619,United States,New York,New York City,East,10011
620,United States,New York,New York City,East,10011
621,United States,New York,New York City,East,10011
622,United States,Illinois,Chicago,Central,60610
623,United States,Michigan,Dearborn,Central,48126
624,United States,Michigan,Dearborn,Central,48126
625,United States,Michigan,Dearborn,Central,48126
626,United States,Michigan,Dearborn,Central,48126
627,United States,New York,New York City,East,10009
628,United States,Washington,Seattle,West,98115
629,United States,California,San Francisco,West,94122
630,United States,California,San Francisco,West,94122
631,United States,Colorado,Aurora,West,80013
632,United States,Colorado,Aurora,West,80013
633,United States,Colorado,Aurora,West,80013
634,United States,Florida,Miami,South,33180
635,United States,Florida,Miami,South,33180
636,United States,Georgia,Warner Robins,South,31088
637,United States,Colorado,Aurora,West,80013
638,United States,Colorado,Aurora,West,80013
639,United States,California,Vallejo,West,94591
640,United States,California,Vallejo,West,94591
641,United States,Minnesota,Minneapolis,Central,55407
642,United States,California,Mission Viejo,West,92691
643,United States,California,Mission Viejo,West,92691
644,United States,Michigan,Rochester Hills,Central,48307
645,United States,New Jersey,Plainfield,East,7060
646,United States,Indiana,Columbus,Central,47201
647,United States,Arizona,Sierra Vista,West,85635
648,United States,Arizona,Sierra Vista,West,85635
649,United States,Washington,Vancouver,West,98661
650,United States,Washington,Vancouver,West,98661
651,United States,Washington,Vancouver,West,98661
652,United States,New York,New York City,East,10024
653,United States,New York,New York City,East,10035
654,United States,New York,New York City,East,10035
655,United States,Ohio,Columbus,East,43229
656,United States,Ohio,Columbus,East,43229
657,United States,Ohio,Columbus,East,43229
658,United States,Illinois,Aurora,Central,60505
659,United States,Illinois,Aurora,Central,60505
660,United States,Texas,Arlington,Central,76017
661,United States,Texas,Arlington,Central,76017
662,United States,Texas,Arlington,Central,76017
663,United States,Texas,Arlington,Central,76017
664,United States,New York,New York City,East,10011
665,United States,Kentucky,Louisville,South,40214
666,United States,Texas,Dallas,Central,75081
667,United States,Texas,Dallas,Central,75081
668,United States,Texas,Dallas,Central,75081
669,United States,Ohio,Cleveland,East,44105
670,United States,Illinois,Chicago,Central,60653
671,United States,Illinois,Chicago,Central,60653
672,United States,Illinois,Chicago,Central,60653
673,United States,Illinois,Quincy,Central,62301
674,United States,Indiana,Columbus,Central,47201
675,United States,Indiana,Columbus,Central,47201
676,United States,Indiana,Columbus,Central,47201
677,United States,Texas,Tyler,Central,75701
678,United States,Texas,Tyler,Central,75701
679,United States,Texas,Tyler,Central,75701
680,United States,Texas,Tyler,Central,75701
681,United States,New York,New York City,East,10024
682,United States,New York,New York City,East,10024
683,United States,New York,New York City,East,10024
684,United States,North Carolina,Burlington,South,27217
685,United States,North Carolina,Burlington,South,27217
686,United States,Mississippi,Jackson,South,39212
687,United States,Mississippi,Jackson,South,39212
688,United States,Mississippi,Jackson,South,39212
689,United States,New York,New York City,East,10035
690,United States,Virginia,Waynesboro,South,22980
691,United States,Virginia,Waynesboro,South,22980
692,United States,Virginia,Waynesboro,South,22980
693,United States,California,Los Angeles,West,90036
694,United States,California,Los Angeles,West,90036
695,United States,Pennsylvania,Chester,East,19013
696,United States,Pennsylvania,Chester,East,19013
697,United States,Pennsylvania,Chester,East,19013
698,United States,Pennsylvania,Chester,East,19013
699,United States,Pennsylvania,Chester,East,19013
700,United States,Pennsylvania,Chester,East,19013
701,United States,Pennsylvania,Chester,East,19013
702,United States,Ohio,Cleveland,East,44105
703,United States,Washington,Seattle,West,98103
704,United States,California,Long Beach,West,90805
705,United States,North Carolina,Cary,South,27511
706,United States,North Carolina,Cary,South,27511
707,United States,North Carolina,Cary,South,27511
708,United States,New York,New York City,East,10035
709,United States,New York,New York City,East,10035
710,United States,New York,New York City,East,10035
711,United States,New York,New York City,East,10035
712,United States,Florida,Palm Coast,South,32137
713,United States,New York,Mount Vernon,East,10550
714,United States,New York,Mount Vernon,East,10550
715,United States,New York,Mount Vernon,East,10550
716,United States,Washington,Seattle,West,98105
717,United States,Delaware,Dover,East,19901
718,United States,Ohio,Newark,East,43055
719,United States,Utah,Orem,West,84057
720,United States,Utah,Orem,West,84057
721,United States,California,Los Angeles,West,90045
722,United States,Michigan,Detroit,Central,48205
723,United States,Michigan,Detroit,Central,48205
724,United States,Pennsylvania,Philadelphia,East,19140
725,United States,Florida,Hialeah,South,33012
726,United States,Texas,Austin,Central,78745
727,United States,Texas,Austin,Central,78745
728,United States,New York,Oceanside,East,11572
729,United States,New York,Oceanside,East,11572
730,United States,New York,Oceanside,East,11572
731,United States,New York,Oceanside,East,11572
732,United States,New York,Oceanside,East,11572
733,United States,Washington,Seattle,West,98115
734,United States,Washington,Seattle,West,98115
735,United States,Washington,Seattle,West,98115
736,United States,Washington,Seattle,West,98115
737,United States,Washington,Seattle,West,98115
738,United States,Washington,Seattle,West,98115
739,United States,California,San Francisco,West,94110
740,United States,Illinois,Naperville,Central,60540
741,United States,Illinois,Naperville,Central,60540
742,United States,Illinois,Naperville,Central,60540
743,United States,Texas,Dallas,Central,75220
744,United States,Texas,Dallas,Central,75220
745,United States,Texas,Dallas,Central,75220
746,United States,Texas,Dallas,Central,75220
747,United States,California,San Diego,West,92105
748,United States,California,San Diego,West,92105
749,United States,Illinois,Evanston,Central,60201
750,United States,Michigan,Trenton,Central,48183
751,United States,Michigan,Trenton,Central,48183
752,United States,Michigan,Trenton,Central,48183
753,United States,Michigan,Trenton,Central,48183
754,United States,California,San Francisco,West,94110
755,United States,California,Los Angeles,West,90036
756,United States,Florida,Jacksonville,South,32216
757,United States,Minnesota,Cottage Grove,Central,55016
758,United States,Minnesota,Cottage Grove,Central,55016
759,United States,New York,New York City,East,10009
760,United States,Wisconsin,Green Bay,Central,54302
761,United States,California,Los Angeles,West,90004
762,United States,Georgia,Atlanta,South,30318
763,United States,Ohio,Columbus,East,43229
764,United States,Louisiana,Bossier City,South,71111
765,United States,Louisiana,Bossier City,South,71111
766,United States,Louisiana,Bossier City,South,71111
767,United States,Louisiana,Bossier City,South,71111
768,United States,Louisiana,Bossier City,South,71111
769,United States,Florida,Saint Petersburg,South,33710
770,United States,Virginia,Arlington,South,22204
771,United States,Iowa,Des Moines,Central,50315
772,United States,Iowa,Des Moines,Central,50315
773,United States,Iowa,Des Moines,Central,50315
774,United States,Iowa,Des Moines,Central,50315
775,United States,Iowa,Des Moines,Central,50315
776,United States,Iowa,Des Moines,Central,50315
777,United States,Ohio,Cincinnati,East,45231
778,United States,California,San Francisco,West,94110
779,United States,California,San Francisco,West,94110
780,United States,California,San Francisco,West,94110
781,United States,California,San Francisco,West,94110
782,United States,Ohio,Columbus,East,43229
783,United States,Ohio,Columbus,East,43229
784,United States,Ohio,Columbus,East,43229
785,United States,Ohio,Columbus,East,43229
786,United States,South Carolina,Columbia,South,29203
787,United States,California,Lancaster,West,93534
788,United States,California,Lancaster,West,93534
789,United States,Virginia,Richmond,South,23223
790,United States,Virginia,Richmond,South,23223
791,United States,Virginia,Richmond,South,23223
792,United States,Virginia,Richmond,South,23223
793,United States,North Carolina,Asheville,South,28806
794,United States,California,San Francisco,West,94110
795,United States,California,San Francisco,West,94110
796,United States,Minnesota,Rochester,Central,55901
797,United States,New York,Rochester,East,14609
798,United States,New York,Rochester,East,14609
799,United States,New York,Rochester,East,14609
800,United States,California,Lake Elsinore,West,92530
801,United States,California,San Diego,West,92105
802,United States,California,San Diego,West,92105
803,United States,New York,New York City,East,10024
804,United States,Louisiana,Monroe,South,71203
805,United States,California,San Francisco,West,94122
806,United States,Colorado,Denver,West,80219
807,United States,Colorado,Denver,West,80219
808,United States,Nebraska,Omaha,Central,68104
809,United States,Nebraska,Omaha,Central,68104
810,United States,Washington,Edmonds,West,98026
811,United States,Washington,Edmonds,West,98026
812,United States,Washington,Edmonds,West,98026
813,United States,Washington,Edmonds,West,98026
814,United States,California,Santa Ana,West,92704
815,United States,California,Santa Ana,West,92704
816,United States,Wisconsin,Milwaukee,Central,53209
817,United States,Pennsylvania,Philadelphia,East,19140
818,United States,Pennsylvania,Philadelphia,East,19140
819,United States,Pennsylvania,Philadelphia,East,19140
820,United States,Pennsylvania,Philadelphia,East,19140
821,United States,Pennsylvania,Philadelphia,East,19140
822,United States,Pennsylvania,Philadelphia,East,19140
823,United States,New Jersey,Belleville,East,7109
824,United States,New Jersey,Belleville,East,7109
825,United States,California,San Francisco,West,94110
826,United States,California,San Francisco,West,94110
827,United States,Minnesota,Lakeville,Central,55044
828,United States,Minnesota,Lakeville,Central,55044
829,United States,Minnesota,Lakeville,Central,55044
830,United States,Kentucky,Florence,South,41042
831,United States,Kentucky,Florence,South,41042
832,United States,Kentucky,Florence,South,41042
833,United States,Kentucky,Florence,South,41042
834,United States,Florida,Tampa,South,33614
835,United States,Florida,Tampa,South,33614
836,United States,Florida,Tampa,South,33614
837,United States,Texas,Tyler,Central,75701
838,United States,Tennessee,Columbia,South,38401
839,United States,Texas,Fort Worth,Central,76106
840,United States,New York,New York City,East,10035
841,United States,New York,New York City,East,10035
842,United States,New York,New York City,East,10035
843,United States,California,Los Angeles,West,90036
844,United States,California,Los Angeles,West,90036
845,United States,California,Los Angeles,West,90036
846,United States,California,Los Angeles,West,90036
847,United States,Kentucky,Louisville,South,40214
848,United States,Kentucky,Louisville,South,40214
849,United States,Ohio,Lorain,East,44052
850,United States,New Jersey,Linden,East,7036
851,United States,California,Salinas,West,93905
852,United States,California,Salinas,West,93905
853,United States,Mississippi,Jackson,South,39212
854,United States,New York,New York City,East,10035
855,United States,New York,New York City,East,10035
856,United States,New York,New York City,East,10035
857,United States,New York,New York City,East,10035
858,United States,New York,New York City,East,10035
859,United States,New Jersey,New Brunswick,East,8901
860,United States,New Jersey,New Brunswick,East,8901
861,United States,California,San Francisco,West,94122
862,United States,California,San Francisco,West,94122
863,United States,Florida,Jacksonville,South,32216
864,United States,Florida,Jacksonville,South,32216
865,United States,Florida,Jacksonville,South,32216
866,United States,Virginia,Springfield,South,22153
867,United States,Virginia,Springfield,South,22153
868,United States,Pennsylvania,Philadelphia,East,19140
869,United States,Pennsylvania,Lancaster,East,17602
870,United States,Pennsylvania,Philadelphia,East,19143
871,United States,Pennsylvania,Philadelphia,East,19143
872,United States,New Hampshire,Concord,East,3301
873,United States,New York,New York City,East,10009
874,United States,New York,New York City,East,10009
875,United States,North Carolina,Charlotte,South,28205
876,United States,New Hampshire,Concord,East,3301
877,United States,New Hampshire,Concord,East,3301
878,United States,New Hampshire,Concord,East,3301
879,United States,Pennsylvania,Philadelphia,East,19120
880,United States,New York,New York City,East,10024
881,United States,New York,New York City,East,10024
882,United States,Virginia,Springfield,South,22153
883,United States,California,San Francisco,West,94109
884,United States,Michigan,Detroit,Central,48227
885,United States,New York,Rochester,East,14609
886,United States,California,Los Angeles,West,90045
887,United States,California,San Diego,West,92105
888,United States,Maryland,Columbia,East,21044
889,United States,California,San Francisco,West,94122
890,United States,New York,New Rochelle,East,10801
891,United States,New York,New Rochelle,East,10801
892,United States,Michigan,Detroit,Central,48227
893,United States,Michigan,Detroit,Central,48227
894,United States,Michigan,Detroit,Central,48227
895,United States,California,San Francisco,West,94122
896,United States,California,San Francisco,West,94122
897,United States,Texas,Houston,Central,77095
898,United States,Michigan,Detroit,Central,48227
899,United States,New York,Auburn,East,13021
900,United States,Ohio,Springfield,East,45503
901,United States,Texas,Garland,Central,75043
902,United States,Texas,Garland,Central,75043
903,United States,Illinois,Chicago,Central,60653
904,United States,California,Los Angeles,West,90032
905,United States,California,Los Angeles,West,90032
906,United States,California,Los Angeles,West,90032
907,United States,New York,New York City,East,10009
908,United States,New York,New York City,East,10009
909,United States,New York,New York City,East,10009
910,United States,Michigan,Jackson,Central,49201
911,United States,Michigan,Jackson,Central,49201
912,United States,Michigan,Jackson,Central,49201
913,United States,Connecticut,Norwich,East,6360
914,United States,Wisconsin,Milwaukee,Central,53209
915,United States,Wisconsin,Milwaukee,Central,53209
916,United States,Texas,San Antonio,Central,78207
917,United States,Texas,San Antonio,Central,78207
918,United States,Texas,San Antonio,Central,78207
919,United States,Texas,Dallas,Central,75220
920,United States,Texas,Dallas,Central,75220
921,United States,Virginia,Alexandria,South,22304
922,United States,New York,New York City,East,10009
923,United States,New York,New York City,East,10009
924,United States,New York,New York City,East,10009
925,United States,New York,New York City,East,10011
926,United States,Pennsylvania,Philadelphia,East,19143
927,United States,Pennsylvania,Philadelphia,East,19143
928,United States,Virginia,Springfield,South,22153
929,United States,Virginia,Springfield,South,22153
930,United States,Ohio,Toledo,East,43615
931,United States,Ohio,Toledo,East,43615
932,United States,Ohio,Toledo,East,43615
933,United States,Pennsylvania,Philadelphia,East,19140
934,United States,Pennsylvania,Philadelphia,East,19120
935,United States,Pennsylvania,Philadelphia,East,19120
936,United States,Pennsylvania,Philadelphia,East,19120
937,United States,Pennsylvania,Philadelphia,East,19120
938,United States,New Mexico,Farmington,West,87401
939,United States,California,Riverside,West,92503
940,United States,California,Riverside,West,92503
941,United States,California,San Francisco,West,94110
942,United States,California,Torrance,West,90503
943,United States,California,Torrance,West,90503
944,United States,Washington,Seattle,West,98105
945,United States,Washington,Seattle,West,98105
946,United States,Washington,Seattle,West,98105
947,United States,Arizona,Mesa,West,85204
948,United States,Pennsylvania,Philadelphia,East,19120
949,United States,Pennsylvania,Philadelphia,East,19120
950,United States,Pennsylvania,Philadelphia,East,19120
951,United States,Pennsylvania,Philadelphia,East,19120
952,United States,Pennsylvania,Philadelphia,East,19120
953,United States,Pennsylvania,Philadelphia,East,19143
954,United States,Texas,Round Rock,Central,78664
955,United States,Texas,Round Rock,Central,78664
956,United States,Mississippi,Jackson,South,39212
957,United States,Arizona,Phoenix,West,85023
958,United States,Arizona,Phoenix,West,85023
959,United States,Arizona,Phoenix,West,85023
960,United States,California,Oceanside,West,92054
961,United States,California,San Francisco,West,94110
962,United States,Arkansas,Fayetteville,South,72701
963,United States,California,San Francisco,West,94110
964,United States,Florida,Boca Raton,South,33433
965,United States,New York,New York City,East,10011
966,United States,New York,New York City,East,10011
967,United States,New York,New York City,East,10011
968,United States,New York,New York City,East,10011
969,United States,New York,New York City,East,10011
970,United States,New York,New York City,East,10011
971,United States,Pennsylvania,Philadelphia,East,19134
972,United States,Pennsylvania,Philadelphia,East,19134
973,United States,Pennsylvania,Philadelphia,East,19134
974,United States,Pennsylvania,Philadelphia,East,19134
975,United States,New York,New York City,East,10011
976,United States,New York,New York City,East,10011
977,United States,Oregon,Portland,West,97206
978,United States,Michigan,Detroit,Central,48205
979,United States,North Carolina,Wilmington,South,28403
980,United States,Indiana,Columbus,Central,47201
981,United States,New York,New York City,East,10035
982,United States,Colorado,Louisville,West,80027
983,United States,Colorado,Louisville,West,80027
984,United States,Colorado,Louisville,West,80027
985,United States,Texas,Pasadena,Central,77506
986,United States,Texas,Pasadena,Central,77506
987,United States,Texas,Pasadena,Central,77506
988,United States,Texas,Houston,Central,77041
989,United States,New York,Auburn,East,13021
990,United States,New York,Auburn,East,13021
991,United States,Florida,Jacksonville,South,32216
992,United States,New York,New York City,East,10024
993,United States,California,San Jose,West,95123
994,United States,California,San Jose,West,95123
995,United States,Virginia,Virginia Beach,South,23464
996,United States,Virginia,Virginia Beach,South,23464
997,United States,Kentucky,Henderson,South,42420
998,United States,Kentucky,Henderson,South,42420
999,United States,Kentucky,Henderson,South,42420
1000,United States,Kentucky,Henderson,South,42420
1001,United States,Washington,Vancouver,West,98661
1002,United States,New York,New York City,East,10024
1003,United States,New York,New York City,East,10024
1004,United States,New York,New York City,East,10024
1005,United States,California,Murrieta,West,92563
1006,United States,North Carolina,Jacksonville,South,28540
1007,United States,Arizona,Scottsdale,West,85254
1008,United States,Arizona,Scottsdale,West,85254
1009,United States,Iowa,Burlington,Central,52601
