p_row_id,Product ID,Product Name,Category,Sub-Category
1,FUR-BO-10001798,Bush Somerset Collection Bookcase,Furniture,Bookcases
2,FUR-CH-10000454,"Hon Deluxe Fabric Upholstered Stacking Chairs, Rounded Back",Furniture,Chairs
3,OFF-LA-10000240,Self-Adhesive Address Labels for Typewriters by Universal,Office Supplies,Labels
4,FUR-TA-10000577,Bretford CR4500 Series Slim Rectangular Table,Furniture,Tables
5,OFF-ST-10000760,Eldon Fold 'N Roll Cart System,Office Supplies,Storage
6,FUR-FU-10001487,"Eldon Expressions Wood and Plastic Desk Accessories, Cherry Wood",Furniture,Furnishings
7,OFF-AR-10002833,Newell 322,Office Supplies,Art
8,TEC-PH-10002275,Mitel 5320 IP Phone VoIP phone,Technology,Phones
9,OFF-BI-10003910,DXL Angle-View Binders with Locking Rings by Samsill,Office Supplies,Binders
10,OFF-AP-10002892,Belkin F5C206VTEL 6 Outlet Surge,Office Supplies,Appliances
11,FUR-TA-10001539,Chromcraft Rectangular Conference Tables,Furniture,Tables
12,TEC-PH-10002033,Konftel 250 Conference phone - Charcoal black,Technology,Phones
13,OFF-PA-10002365,Xerox 1967,Office Supplies,Paper
14,OFF-BI-10003656,Fellowes PB200 Plastic Comb Binding Machine,Office Supplies,Binders
15,OFF-AP-10002311,"Holmes Replacement Filter for HEPA Air Cleaner, Very Large Room, HEPA Filter",Office Supplies,Appliances
16,OFF-BI-10000756,Storex DuraTech Recycled Plastic Frosted Binders,Office Supplies,Binders
17,OFF-ST-10004186,"Stur-D-Stor Shelving, Vertical 5-Shelf: 72""H x 36""W x 18 1/2""D",Office Supplies,Storage
18,OFF-ST-10000107,Fellowes Super Stor/Drawer,Office Supplies,Storage
19,OFF-AR-10003056,Newell 341,Office Supplies,Art
20,TEC-PH-10001949,Cisco SPA 501G IP Phone,Technology,Phones
21,OFF-BI-10002215,"Wilson Jones Hanging View Binder, White, 1""",Office Supplies,Binders
22,OFF-AR-10000246,Newell 318,Office Supplies,Art
23,OFF-AP-10001492,"Acco Six-Outlet Power Strip, 4' Cord Length",Office Supplies,Appliances
24,FUR-CH-10002774,"Global Deluxe Stacking Chair, Gray",Furniture,Chairs
25,FUR-TA-10000577,Bretford CR4500 Series Slim Rectangular Table,Furniture,Tables
26,OFF-BI-10001634,Wilson Jones Active Use Binders,Office Supplies,Binders
27,TEC-AC-10003027,Imation 8GB Mini TravelDrive USB 2.0 Flash Drive,Technology,Accessories
28,FUR-BO-10004834,"Riverside Palais Royal Lawyers Bookcase, Royale Cherry Finish",Furniture,Bookcases
29,OFF-BI-10000474,Avery Recycled Flexi-View Covers for Binding Systems,Office Supplies,Binders
30,FUR-FU-10004848,"Howard Miller 13-3/4"" Diameter Brushed Chrome Round Wall Clock",Furniture,Furnishings
31,OFF-EN-10001509,Poly String Tie Envelopes,Office Supplies,Envelopes
32,OFF-AR-10004042,"BOSTON Model 1800 Electric Pencil Sharpeners, Putty/Woodgrain",Office Supplies,Art
33,OFF-BI-10001525,"Acco Pressboard Covers with Storage Hooks, 14 7/8"" x 11"", Executive Red",Office Supplies,Binders
34,OFF-AR-10001683,Lumber Crayons,Office Supplies,Art
35,OFF-PA-10000249,Easy-staple paper,Office Supplies,Paper
36,TEC-PH-10004977,GE 30524EE4,Technology,Phones
37,FUR-FU-10003664,"Electrix Architect's Clamp-On Swing Arm Lamp, Black",Furniture,Furnishings
38,OFF-EN-10002986,"#10-4 1/8"" x 9 1/2"" Premium Diagonal Seam Envelopes",Office Supplies,Envelopes
39,FUR-BO-10002545,"Atlantic Metals Mobile 3-Shelf Bookcases, Custom Colors",Furniture,Bookcases
40,FUR-CH-10004218,"Global Fabric Manager's Chair, Dark Gray",Furniture,Chairs
41,TEC-PH-10000486,Plantronics HL10 Handset Lifter,Technology,Phones
42,TEC-PH-10004093,Panasonic Kx-TS550,Technology,Phones
43,OFF-ST-10003479,"Eldon Base for stackable storage shelf, platinum",Office Supplies,Storage
44,OFF-ST-10003282,"Advantus 10-Drawer Portable Organizer, Chrome Metal Frame, Smoke Drawers",Office Supplies,Storage
45,TEC-AC-10000171,"Verbatim 25 GB 6x Blu-ray Single Layer Recordable Disc, 25/Pack",Technology,Accessories
46,OFF-BI-10003291,Wilson Jones Leather-Like Binders with DublLock Round Rings,Office Supplies,Binders
47,OFF-ST-10001713,"Gould Plastics 9-Pocket Panel Bin, 18-3/8w x 5-1/4d x 20-1/2h, Black",Office Supplies,Storage
48,TEC-AC-10002167,Imation 8gb Micro Traveldrive Usb 2.0 Flash Drive,Technology,Accessories
49,TEC-PH-10003988,"LF Elite 3D Dazzle Designer Hard Case Cover, Lf Stylus Pen and Wiper For Apple Iphone 5c Mini Lite",Technology,Phones
50,OFF-BI-10004410,"C-Line Peel & Stick Add-On Filing Pockets, 8-3/4 x 5-1/8, 10/Pack",Office Supplies,Binders
51,OFF-LA-10002762,Avery 485,Office Supplies,Labels
52,FUR-FU-10001706,Longer-Life Soft White Bulbs,Furniture,Furnishings
53,FUR-CH-10003061,"Global Leather Task Chair, Black",Furniture,Chairs
54,OFF-FA-10000304,Advantus Push Pins,Office Supplies,Fasteners
55,TEC-PH-10002447,AT&T CL83451 4-Handset Telephone,Technology,Phones
56,OFF-ST-10000604,Home/Office Personal File Carts,Office Supplies,Storage
57,OFF-PA-10001569,Xerox 232,Office Supplies,Paper
58,FUR-CH-10003968,Novimex Turbo Task Chair,Furniture,Chairs
59,OFF-PA-10000587,"Array Parchment Paper, Assorted Colors",Office Supplies,Paper
60,TEC-AC-10002167,Imation 8gb Micro Traveldrive Usb 2.0 Flash Drive,Technology,Accessories
61,OFF-BI-10001460,Plastic Binding Combs,Office Supplies,Binders
62,OFF-AR-10001868,Prang Dustless Chalk Sticks,Office Supplies,Art
63,TEC-AC-10004633,"Verbatim 25 GB 6x Blu-ray Single Layer Recordable Disc, 3/Pack",Technology,Accessories
64,OFF-BI-10001078,"Acco PRESSTEX Data Binder with Storage Hooks, Dark Blue, 14 7/8"" X 11""",Office Supplies,Binders
65,OFF-PA-10003892,Xerox 1943,Office Supplies,Paper
66,FUR-FU-10000397,Luxo Economy Swing Arm Lamp,Furniture,Furnishings
67,FUR-CH-10001146,"Global Value Mid-Back Manager's Chair, Gray",Furniture,Chairs
68,OFF-AR-10002671,"Hunt BOSTON Model 1606 High-Volume Electric Pencil Sharpener, Beige",Office Supplies,Art
69,TEC-PH-10002726,netTALK DUO VoIP Telephone Service,Technology,Phones
70,OFF-PA-10000482,"Snap-A-Way Black Print Carbonless Ruled Speed Letter, Triplicate",Office Supplies,Paper
71,OFF-BI-10004654,Avery Binding System Hidden Tab Executive Style Index Sets,Office Supplies,Binders
72,OFF-PA-10004675,"Telephone Message Books with Fax/Mobile Section, 5 1/2"" x 3 3/16""",Office Supplies,Paper
73,FUR-CH-10000513,High-Back Leather Manager's Chair,Furniture,Chairs
74,FUR-FU-10003708,"Tenex Traditional Chairmats for Medium Pile Carpet, Standard Lip, 36"" x 48""",Furniture,Furnishings
75,OFF-ST-10004123,Safco Industrial Wire Shelving System,Office Supplies,Storage
76,OFF-BI-10004182,Economy Binders,Office Supplies,Binders
77,FUR-FU-10000260,"6"" Cubicle Wall Clock, Black",Furniture,Furnishings
78,OFF-ST-10000615,"SimpliFile Personal File, Black Granite, 15w x 6-15/16d x 11-1/4h",Office Supplies,Storage
79,FUR-FU-10003194,"Eldon Expressions Desk Accessory, Wood Pencil Holder, Oak",Furniture,Furnishings
80,OFF-AP-10002118,"1.7 Cubic Foot Compact ""Cube"" Office Refrigerators",Office Supplies,Appliances
81,OFF-BI-10002309,Avery Heavy-Duty EZD  Binder With Locking Rings,Office Supplies,Binders
82,OFF-AR-10002053,"Premium Writing Pencils, Soft, #2 by Central Association for the Blind",Office Supplies,Art
83,OFF-ST-10002370,"Sortfiler Multipurpose Personal File Organizer, Black",Office Supplies,Storage
84,OFF-EN-10000927,Jet-Pak Recycled Peel 'N' Seal Padded Mailers,Office Supplies,Envelopes
85,OFF-ST-10003656,Safco Industrial Wire Shelving,Office Supplies,Storage
86,FUR-CH-10000863,Novimex Swivel Fabric Task Chair,Furniture,Chairs
87,TEC-AC-10001998,Logitech LS21 Speaker System - PC Multimedia - 2.1-CH - Wired,Technology,Accessories
88,OFF-LA-10000134,Avery 511,Office Supplies,Labels
89,OFF-ST-10003442,Eldon Portable Mobile Manager,Office Supplies,Storage
90,OFF-AR-10004930,Turquoise Lead Holder with Pocket Clip,Office Supplies,Art
91,TEC-PH-10004093,Panasonic Kx-TS550,Technology,Phones
92,OFF-PA-10000304,Xerox 1995,Office Supplies,Paper
93,OFF-PA-10003177,Xerox 1999,Office Supplies,Paper
94,FUR-FU-10003799,"Seth Thomas 13 1/2"" Wall Clock",Furniture,Furnishings
95,OFF-BI-10002852,Ibico Standard Transparent Covers,Office Supplies,Binders
96,OFF-BI-10004738,Flexible Leather- Look Classic Collection Ring Binder,Office Supplies,Binders
97,FUR-FU-10000629,9-3/4 Diameter Round Wall Clock,Furniture,Furnishings
98,OFF-BI-10001721,Trimflex Flexible Post Binders,Office Supplies,Binders
99,OFF-AP-10000358,Fellowes Basic Home/Office Series Surge Protectors,Office Supplies,Appliances
100,OFF-PA-10003256,Avery Personal Creations Heavyweight Cards,Office Supplies,Paper
101,TEC-AC-10001767,SanDisk Ultra 64 GB MicroSDHC Class 10 Memory Card,Technology,Accessories
102,OFF-BI-10002609,Avery Hidden Tab Dividers for Binding Systems,Office Supplies,Binders
103,OFF-PA-10004040,Universal Premium White Copier/Laser Paper (20Lb. and 87 Bright),Office Supplies,Paper
104,TEC-AC-10001552,Logitech K350 2.4Ghz Wireless Keyboard,Technology,Accessories
105,FUR-FU-10004006,"Deflect-o DuraMat Lighweight, Studded, Beveled Mat for Low Pile Carpeting",Furniture,Furnishings
106,OFF-BI-10002794,"Avery Trapezoid Ring Binder, 3"" Capacity, Black, 1040 sheets",Office Supplies,Binders
107,TEC-AC-10003499,Memorex Mini Travel Drive 8 GB USB 2.0 Flash Drive,Technology,Accessories
108,TEC-PH-10002844,Speck Products Candyshell Flip Case,Technology,Phones
109,OFF-AR-10000390,Newell Chalk Holder,Office Supplies,Art
110,TEC-AC-10000844,Logitech Gaming G510s - Keyboard,Technology,Accessories
111,FUR-FU-10001934,Magnifier Swing Arm Lamp,Furniture,Furnishings
112,OFF-AR-10000380,"Hunt PowerHouse Electric Pencil Sharpener, Blue",Office Supplies,Art
113,OFF-BI-10003981,"Avery Durable Plastic 1"" Binders",Office Supplies,Binders
114,OFF-FA-10000621,"OIC Colored Binder Clips, Assorted Sizes",Office Supplies,Fasteners
115,OFF-EN-10002600,"Redi-Strip #10 Envelopes, 4 1/8 x 9 1/2",Office Supplies,Envelopes
116,OFF-PA-10004965,Xerox 1921,Office Supplies,Paper
117,OFF-EN-10002504,"Tyvek  Top-Opening Peel & Seel Envelopes, Plain White",Office Supplies,Envelopes
118,FUR-TA-10001768,Hon Racetrack Conference Tables,Furniture,Tables
119,OFF-BI-10003650,GBC DocuBind 300 Electric Binding Machine,Office Supplies,Binders
120,FUR-FU-10002157,Artistic Insta-Plaque,Furniture,Furnishings
121,OFF-BI-10003910,DXL Angle-View Binders with Locking Rings by Samsill,Office Supplies,Binders
122,OFF-ST-10000777,"Companion Letter/Legal File, Black",Office Supplies,Storage
123,OFF-EN-10002500,Globe Weis Peel & Seel First Class Envelopes,Office Supplies,Envelopes
124,TEC-PH-10003875,KLD Oscar II Style Snap-on Ultra Thin Side Flip Synthetic Leather Cover Case for HTC One HTC M7,Technology,Phones
125,FUR-CH-10004063,Global Deluxe High-Back Manager's Chair,Furniture,Chairs
126,FUR-TA-10004534,Bevis 44 x 96 Conference Tables,Furniture,Tables
127,OFF-BI-10003274,"Avery Durable Slant Ring Binders, No Labels",Office Supplies,Binders
128,OFF-ST-10002974,"Trav-L-File Heavy-Duty Shuttle II, Black",Office Supplies,Storage
129,FUR-CH-10001146,"Global Task Chair, Black",Furniture,Chairs
130,FUR-FU-10003773,Eldon Cleatmat Plus Chair Mats for High Pile Carpets,Furniture,Furnishings
131,TEC-PH-10002293,Anker 36W 4-Port USB Wall Charger Travel Power Adapter for iPhone 5s 5c 5,Technology,Phones
132,OFF-PA-10002377,Xerox 1916,Office Supplies,Paper
133,OFF-FA-10002780,Staples,Office Supplies,Fasteners
134,OFF-PA-10001804,Xerox 195,Office Supplies,Paper
135,OFF-PA-10001736,Xerox 1880,Office Supplies,Paper
136,OFF-AR-10001149,"Sanford Colorific Colored Pencils, 12/Box",Office Supplies,Art
137,OFF-FA-10002988,Ideal Clamps,Office Supplies,Fasteners
138,OFF-BI-10004781,GBC Wire Binding Strips,Office Supplies,Binders
139,OFF-SU-10001218,Fiskars Softgrip Scissors,Office Supplies,Supplies
140,FUR-FU-10001706,Longer-Life Soft White Bulbs,Furniture,Furnishings
141,FUR-FU-10004848,"Howard Miller 13-3/4"" Diameter Brushed Chrome Round Wall Clock",Furniture,Furnishings
142,OFF-AR-10000940,Newell 343,Office Supplies,Art
143,OFF-EN-10004030,Convenience Packs of Business Envelopes,Office Supplies,Envelopes
144,OFF-PA-10004327,Xerox 1911,Office Supplies,Paper
145,OFF-AP-10001058,Sanyo 2.5 Cubic Foot Mid-Size Office Refrigerators,Office Supplies,Appliances
146,OFF-ST-10003656,Safco Industrial Wire Shelving,Office Supplies,Storage
147,FUR-FU-10000521,"Seth Thomas 14"" Putty-Colored Wall Clock",Furniture,Furnishings
148,TEC-PH-10000215,Plantronics Cordless Phone Headset with In-line Volume - M214C,Technology,Phones
149,TEC-PH-10001448,Anker Astro 15000mAh USB Portable Charger,Technology,Phones
150,FUR-CH-10000454,"Hon Deluxe Fabric Upholstered Stacking Chairs, Rounded Back",Furniture,Chairs
151,OFF-BI-10002735,GBC Prestige Therm-A-Bind Covers,Office Supplies,Binders
152,OFF-AP-10000326,Belkin 7 Outlet SurgeMaster Surge Protector with Phone Protection,Office Supplies,Appliances
153,TEC-PH-10001254,Jabra BIZ 2300 Duo QD Duo Corded Headset,Technology,Phones
154,OFF-PA-10001950,Southworth 25% Cotton Antique Laid Paper & Envelopes,Office Supplies,Paper
155,OFF-PA-10002254,Xerox 1883,Office Supplies,Paper
156,OFF-ST-10001590,"Tenex Personal Project File with Scoop Front Design, Black",Office Supplies,Storage
157,OFF-AR-10001547,Newell 311,Office Supplies,Art
158,FUR-CH-10004063,Global Deluxe High-Back Manager's Chair,Furniture,Chairs
159,OFF-LA-10002475,Avery 519,Office Supplies,Labels
160,TEC-PH-10004536,Avaya 5420 Digital phone,Technology,Phones
161,OFF-PA-10002751,Xerox 1920,Office Supplies,Paper
162,TEC-AC-10003657,Lenovo 17-Key USB Numeric Keypad,Technology,Accessories
163,OFF-EN-10001990,Staple envelope,Office Supplies,Envelopes
164,OFF-BI-10004002,Wilson Jones International Size A4 Ring Binders,Office Supplies,Binders
165,OFF-AR-10004441,BIC Brite Liner Highlighters,Office Supplies,Art
166,TEC-MA-10000822,Lexmark MX611dhe Monochrome Laser Printer,Technology,Machines
167,OFF-ST-10000991,Space Solutions HD Industrial Steel Shelving.,Office Supplies,Storage
168,FUR-CH-10004287,SAFCO Arco Folding Chair,Furniture,Chairs
169,OFF-AR-10002656,Sanford Liquid Accent Highlighters,Office Supplies,Art
170,OFF-AP-10002518,Kensington 7 Outlet MasterPiece Power Center,Office Supplies,Appliances
171,TEC-PH-10003931,JBL Micro Wireless Portable Bluetooth Speaker,Technology,Phones
172,OFF-PA-10000659,"Adams Phone Message Book, Professional, 400 Message Capacity, 5 3/6” x 11”",Office Supplies,Paper
173,OFF-PA-10001144,Xerox 1913,Office Supplies,Paper
174,FUR-CH-10003817,"Global Value Steno Chair, Gray",Furniture,Chairs
175,OFF-AP-10000891,Kensington 7 Outlet MasterPiece HOMEOFFICE Power Control Center,Office Supplies,Appliances
176,OFF-LA-10003148,Avery 51,Office Supplies,Labels
177,OFF-AP-10002684,"Acco 7-Outlet Masterpiece Power Center, Wihtout Fax/Phone Line Protection",Office Supplies,Appliances
178,FUR-CH-10004698,"Padded Folding Chairs, Black, 4/Carton",Furniture,Chairs
179,OFF-SU-10002189,Acme Rosewood Handle Letter Opener,Office Supplies,Supplies
180,OFF-AR-10001940,"Sanford Colorific Eraseable Coloring Pencils, 12 Count",Office Supplies,Art
181,OFF-ST-10003455,"Tenex File Box, Personal Filing Tote with Lid, Black",Office Supplies,Storage
182,TEC-AC-10004659,Imation Secure+ Hardware Encrypted USB 2.0 Flash Drive; 16GB,Technology,Accessories
183,TEC-PH-10003273,AT&T TR1909W,Technology,Phones
184,TEC-PH-10004896,Nokia Lumia 521 (T-Mobile),Technology,Phones
185,TEC-AC-10002345,HP Standard 104 key PS/2 Keyboard,Technology,Accessories
186,OFF-BI-10001890,Avery Poly Binder Pockets,Office Supplies,Binders
187,TEC-AC-10002323,SanDisk Ultra 32 GB MicroSDHC Class 10 Memory Card,Technology,Accessories
188,OFF-ST-10001328,"Personal Filing Tote with Lid, Black/Gray",Office Supplies,Storage
189,OFF-PA-10001950,Southworth 25% Cotton Antique Laid Paper & Envelopes,Office Supplies,Paper
190,FUR-BO-10002613,"Atlantic Metals Mobile 4-Shelf Bookcases, Custom Colors",Furniture,Bookcases
191,TEC-PH-10001552,I Need's 3d Hello Kitty Hybrid Silicone Case Cover for HTC One X 4g with 3d Hello Kitty Stylus Pen Green/pink,Technology,Phones
192,OFF-PA-10000061,Xerox 205,Office Supplies,Paper
193,FUR-BO-10002545,"Atlantic Metals Mobile 3-Shelf Bookcases, Custom Colors",Furniture,Bookcases
194,OFF-AR-10003514,4009 Highlighters by Sanford,Office Supplies,Art
195,OFF-EN-10001509,Poly String Tie Envelopes,Office Supplies,Envelopes
196,OFF-AR-10004685,"Binney & Smith Crayola Metallic Colored Pencils, 8-Color Set",Office Supplies,Art
197,OFF-AR-10004027,"Binney & Smith inkTank Erasable Desk Highlighter, Chisel Tip, Yellow, 12/Box",Office Supplies,Art
198,OFF-ST-10001414,Decoflex Hanging Personal Folder File,Office Supplies,Storage
199,OFF-BI-10000343,"Pressboard Covers with Storage Hooks, 9 1/2"" x 11"", Light Blue",Office Supplies,Binders
200,OFF-PA-10002749,"Wirebound Message Books, 5-1/2 x 4 Forms, 2 or 4 Forms per Page",Office Supplies,Paper
201,OFF-PA-10002666,Southworth 25% Cotton Linen-Finish Paper & Envelopes,Office Supplies,Paper
202,FUR-TA-10004289,BoxOffice By Design Rectangular and Half-Moon Meeting Room Tables,Furniture,Tables
203,OFF-AP-10003622,"Bravo II Megaboss 12-Amp Hard Body Upright, Replacement Belts, 2 Belts per Pack",Office Supplies,Appliances
204,OFF-AP-10003217,Eureka Sanitaire  Commercial Upright,Office Supplies,Appliances
205,FUR-FU-10002960,"Eldon 200 Class Desk Accessories, Burgundy",Furniture,Furnishings
206,TEC-PH-10001918,Nortel Business Series Terminal T7208 Digital phone,Technology,Phones
207,OFF-ST-10000642,"Tennsco Lockers, Gray",Office Supplies,Storage
208,TEC-PH-10001700,Panasonic KX-TG6844B Expandable Digital Cordless Telephone,Technology,Phones
209,OFF-BI-10003274,"Avery Durable Slant Ring Binders, No Labels",Office Supplies,Binders
210,OFF-FA-10000134,"Advantus Push Pins, Aluminum Head",Office Supplies,Fasteners
211,OFF-ST-10001522,"Gould Plastics 18-Pocket Panel Bin, 34w x 5-1/4d x 20-1/2h",Office Supplies,Storage
212,TEC-AC-10001266,Memorex Micro Travel Drive 8 GB,Technology,Accessories
213,OFF-LA-10004544,Avery 505,Office Supplies,Labels
214,FUR-BO-10004695,O'Sullivan 2-Door Barrister Bookcase in Odessa Pine,Furniture,Bookcases
215,TEC-PH-10002844,Speck Products Candyshell Flip Case,Technology,Phones
216,TEC-MA-10000864,Cisco 9971 IP Video Phone Charcoal,Technology,Machines
217,TEC-AC-10000109,Sony Micro Vault Click 16 GB USB 2.0 Flash Drive,Technology,Accessories
218,OFF-ST-10001328,"Personal Filing Tote with Lid, Black/Gray",Office Supplies,Storage
219,TEC-PH-10002563,Adtran 1202752G1,Technology,Phones
220,OFF-FA-10000585,OIC Bulk Pack Metal Binder Clips,Office Supplies,Fasteners
221,OFF-PA-10004000,"While You Were Out Pads, 50 per Pad, 4 x 5 1/4, Green Cycle",Office Supplies,Paper
222,OFF-BI-10002852,Ibico Standard Transparent Covers,Office Supplies,Binders
223,FUR-FU-10000087,"Executive Impressions 14"" Two-Color Numerals Wall Clock",Furniture,Furnishings
224,TEC-MA-10001148,Swingline SM12-08 MicroCut Jam Free Shredder,Technology,Machines
225,OFF-AR-10001958,Stanley Bostitch Contemporary Electric Pencil Sharpeners,Office Supplies,Art
226,OFF-AR-10001026,"Sanford Uni-Blazer View Highlighters, Chisel Tip, Yellow",Office Supplies,Art
227,FUR-TA-10003748,Bevis 36 x 72 Conference Tables,Furniture,Tables
228,OFF-ST-10002485,Rogers Deluxe File Chest,Office Supplies,Storage
229,FUR-CH-10004860,Global Low Back Tilter Chair,Furniture,Chairs
230,FUR-CH-10004477,"Global Push Button Manager's Chair, Indigo",Furniture,Chairs
231,OFF-BI-10001679,GBC Instant Index System for Binding Systems,Office Supplies,Binders
232,FUR-TA-10001705,Bush Advantage Collection Round Conference Table,Furniture,Tables
233,FUR-TA-10003473,Bretford Rectangular Conference Table Tops,Furniture,Tables
234,OFF-BI-10001679,GBC Instant Index System for Binding Systems,Office Supplies,Binders
235,FUR-FU-10004017,"Tenex Contemporary Contur Chairmats for Low and Medium Pile Carpet, Computer, 39"" x 49""",Furniture,Furnishings
236,TEC-AC-10003832,Logitech P710e Mobile Speakerphone,Technology,Accessories
237,OFF-PA-10002479,Xerox 4200 Series MultiUse Premium Copy Paper (20Lb. and 84 Bright),Office Supplies,Paper
238,OFF-PA-10003349,Xerox 1957,Office Supplies,Paper
239,FUR-FU-10000576,Luxo Professional Fluorescent Magnifier Lamp with Clamp-Mount Base,Furniture,Furnishings
240,FUR-FU-10004351,Staple-based wall hangings,Furniture,Furnishings
241,TEC-PH-10000011,PureGear Roll-On Screen Protector,Technology,Phones
242,FUR-TA-10002607,KI Conference Tables,Furniture,Tables
243,FUR-FU-10002505,Eldon 100 Class Desk Accessories,Furniture,Furnishings
244,OFF-AR-10004685,"Binney & Smith Crayola Metallic Colored Pencils, 8-Color Set",Office Supplies,Art
245,FUR-CH-10004063,Global Deluxe High-Back Manager's Chair,Furniture,Chairs
246,OFF-ST-10002276,Safco Steel Mobile File Cart,Office Supplies,Storage
247,OFF-PA-10004082,"Adams Telephone Message Book w/Frequently-Called Numbers Space, 400 Messages per Book",Office Supplies,Paper
248,OFF-AP-10002945,Honeywell Enviracaire Portable HEPA Air Cleaner for 17' x 22' Room,Office Supplies,Appliances
249,OFF-PA-10000061,Xerox 205,Office Supplies,Paper
250,FUR-CH-10002965,"Global Leather Highback Executive Chair with Pneumatic Height Adjustment, Black",Furniture,Chairs
251,OFF-PA-10004569,"Wirebound Message Books, Two 4 1/4"" x 5"" Forms per Page",Office Supplies,Paper
252,TEC-AC-10003832,Logitech P710e Mobile Speakerphone,Technology,Accessories
253,OFF-ST-10001228,"Fellowes Personal Hanging Folder Files, Navy",Office Supplies,Storage
254,OFF-EN-10003296,Tyvek Side-Opening Peel & Seel Expanding Envelopes,Office Supplies,Envelopes
255,FUR-FU-10002505,Eldon 100 Class Desk Accessories,Furniture,Furnishings
256,OFF-ST-10004804,"Belkin 19"" Vented Equipment Shelf, Black",Office Supplies,Storage
257,OFF-ST-10001590,"Tenex Personal Project File with Scoop Front Design, Black",Office Supplies,Storage
258,TEC-PH-10001580,Logitech Mobile Speakerphone P710e - speaker phone,Technology,Phones
259,TEC-AC-10000290,Sabrent 4-Port USB 2.0 Hub,Technology,Accessories
260,OFF-ST-10002790,Safco Industrial Shelving,Office Supplies,Storage
261,OFF-BI-10003460,Acco 3-Hole Punch,Office Supplies,Binders
262,OFF-AP-10002203,Eureka Disposable Bags for Sanitaire Vibra Groomer I Upright Vac,Office Supplies,Appliances
263,TEC-MA-10000822,Lexmark MX611dhe Monochrome Laser Printer,Technology,Machines
264,TEC-MA-10003353,Xerox WorkCentre 6505DN Laser Multifunction Printer,Technology,Machines
265,TEC-PH-10001433,Cisco Small Business SPA 502G VoIP phone,Technology,Phones
266,TEC-AC-10004469,Microsoft Sculpt Comfort Mouse,Technology,Accessories
267,OFF-AR-10003602,"Quartet Omega Colored Chalk, 12/Pack",Office Supplies,Art
268,OFF-FA-10003472,Bagged Rubber Bands,Office Supplies,Fasteners
269,OFF-ST-10004180,Safco Commercial Shelving,Office Supplies,Storage
270,OFF-EN-10004386,"Recycled Interoffice Envelopes with String and Button Closure, 10 x 13",Office Supplies,Envelopes
271,OFF-ST-10003208,Adjustable Depth Letter/Legal Cart,Office Supplies,Storage
272,TEC-AC-10003628,Logitech 910-002974 M325 Wireless Mouse for Web Scrolling,Technology,Accessories
273,FUR-FU-10003274,Regeneration Desk Collection,Furniture,Furnishings
274,OFF-BI-10002557,Presstex Flexible Ring Binders,Office Supplies,Binders
275,OFF-PA-10002615,"Ampad Gold Fibre Wirebound Steno Books, 6"" x 9"", Gregg Ruled",Office Supplies,Paper
276,OFF-AR-10001427,Newell 330,Office Supplies,Art
277,OFF-PA-10000673,"Post-it “Important Message” Note Pad, Neon Colors, 50 Sheets/Pad",Office Supplies,Paper
278,OFF-PA-10004470,"Adams Write n' Stick Phone Message Book, 11"" X 5 1/4"", 200 Messages",Office Supplies,Paper
279,OFF-ST-10000876,Eldon Simplefile Box Office,Office Supplies,Storage
280,OFF-LA-10002043,Avery 489,Office Supplies,Labels
281,OFF-BI-10004967,Round Ring Binders,Office Supplies,Binders
282,TEC-PH-10001760,Bose SoundLink Bluetooth Speaker,Technology,Phones
283,FUR-TA-10002903,"Bevis Round Bullnose 29"" High Table Top",Furniture,Tables
284,OFF-PA-10000474,Easy-staple paper,Office Supplies,Paper
285,TEC-AC-10001956,Microsoft Arc Touch Mouse,Technology,Accessories
286,OFF-PA-10004100,Xerox 216,Office Supplies,Paper
287,OFF-BI-10000778,GBC VeloBinder Electric Binding Machine,Office Supplies,Binders
288,OFF-AP-10002684,"Acco 7-Outlet Masterpiece Power Center, Wihtout Fax/Phone Line Protection",Office Supplies,Appliances
289,OFF-SU-10000646,Premier Automatic Letter Opener,Office Supplies,Supplies
290,OFF-FA-10002983,Advantus SlideClip Paper Clips,Office Supplies,Fasteners
291,OFF-LA-10004689,Avery 512,Office Supplies,Labels
292,TEC-AC-10002001,Logitech Wireless Gaming Headset G930,Technology,Accessories
293,FUR-BO-10004709,"Bush Westfield Collection Bookcases, Medium Cherry Finish",Furniture,Bookcases
294,FUR-FU-10004091,"Howard Miller 13"" Diameter Goldtone Round Wall Clock",Furniture,Furnishings
295,FUR-CH-10001891,Global Deluxe Office Fabric Chairs,Furniture,Chairs
296,FUR-FU-10002918,Eldon ClusterMat Chair Mat with Cordless Antistatic Protection,Furniture,Furnishings
297,OFF-BI-10004593,Ibico Laser Imprintable Binding System Covers,Office Supplies,Binders
298,OFF-FA-10004854,"Vinyl Coated Wire Paper Clips in Organizer Box, 800/Box",Office Supplies,Fasteners
299,OFF-PA-10002105,Xerox 223,Office Supplies,Paper
300,OFF-ST-10002756,"Tennsco Stur-D-Stor Boltless Shelving, 5 Shelves, 24"" Deep, Sand",Office Supplies,Storage
301,OFF-PA-10004243,Xerox 1939,Office Supplies,Paper
302,FUR-FU-10001861,"Floodlight Indoor Halogen Bulbs, 1 Bulb per Pack, 60 Watts",Furniture,Furnishings
303,OFF-BI-10002706,Avery Premier Heavy-Duty Binder with Round Locking Rings,Office Supplies,Binders
304,FUR-TA-10002533,BPI Conference Tables,Furniture,Tables
305,FUR-FU-10002671,Electrix 20W Halogen Replacement Bulb for Zoom-In Desk Lamp,Furniture,Furnishings
306,OFF-AR-10003651,Newell 350,Office Supplies,Art
307,OFF-BI-10001072,"GBC Clear Cover, 8-1/2 x 11, unpunched, 25 covers per pack",Office Supplies,Binders
308,OFF-AR-10002135,Boston Heavy-Duty Trimline Electric Pencil Sharpeners,Office Supplies,Art
309,OFF-AR-10002804,Faber Castell Col-Erase Pencils,Office Supplies,Art
310,FUR-FU-10001918,C-Line Cubicle Keepers Polyproplyene Holder With Velcro Backings,Furniture,Furnishings
311,FUR-CH-10004086,Hon 4070 Series Pagoda Armless Upholstered Stacking Chairs,Furniture,Chairs
312,FUR-FU-10001756,"Eldon Expressions Desk Accessory, Wood Photo Frame, Mahogany",Furniture,Furnishings
313,OFF-LA-10000634,Avery 509,Office Supplies,Labels
314,FUR-FU-10001588,"Deflect-o SuperTray Unbreakable Stackable Tray, Letter, Black",Furniture,Furnishings
315,TEC-PH-10002398,AT&T 1070 Corded Phone,Technology,Phones
316,OFF-PA-10001937,Xerox 21,Office Supplies,Paper
317,OFF-AR-10003373,"Boston School Pro Electric Pencil Sharpener, 1670",Office Supplies,Art
318,FUR-CH-10002602,DMI Arturo Collection Mission-style Design Wood Chair,Furniture,Chairs
319,TEC-MA-10002927,Canon imageCLASS MF7460 Monochrome Digital Laser Multifunction Copier,Technology,Machines
320,TEC-PH-10004093,Panasonic Kx-TS550,Technology,Phones
321,TEC-AC-10000892,NETGEAR N750 Dual Band Wi-Fi Gigabit Router,Technology,Accessories
322,OFF-ST-10002974,"Trav-L-File Heavy-Duty Shuttle II, Black",Office Supplies,Storage
323,OFF-FA-10000624,OIC Binder Clips,Office Supplies,Fasteners
324,OFF-BI-10004593,Ibico Laser Imprintable Binding System Covers,Office Supplies,Binders
325,TEC-AC-10001908,Logitech Wireless Headset h800,Technology,Accessories
326,FUR-FU-10001967,Telescoping Adjustable Floor Lamp,Furniture,Furnishings
327,TEC-PH-10003645,Aastra 57i VoIP phone,Technology,Phones
328,OFF-ST-10000675,"File Shuttle II and Handi-File, Black",Office Supplies,Storage
329,FUR-CH-10003312,Hon 2090 “Pillow Soft” Series Mid Back Swivel/Tilt Chairs,Furniture,Chairs
330,OFF-LA-10001074,Round Specialty Laser Printer Labels,Office Supplies,Labels
331,OFF-BI-10001524,GBC Premium Transparent Covers with Diagonal Lined Pattern,Office Supplies,Binders
332,TEC-PH-10004614,AT&T 841000 Phone,Technology,Phones
333,OFF-BI-10001153,Ibico Recycled Grain-Textured Covers,Office Supplies,Binders
334,OFF-BI-10001982,Wilson Jones Custom Binder Spines & Labels,Office Supplies,Binders
335,OFF-BI-10001922,Storex Dura Pro Binders,Office Supplies,Binders
336,TEC-CO-10001449,Hewlett Packard LaserJet 3310 Copier,Technology,Copiers
337,OFF-BI-10004140,Avery Non-Stick Binders,Office Supplies,Binders
338,OFF-BI-10003314,Tuff Stuff Recycled Round Ring Binders,Office Supplies,Binders
339,FUR-TA-10004575,Hon 5100 Series Wood Tables,Furniture,Tables
340,OFF-FA-10000490,"OIC Binder Clips, Mini, 1/4"" Capacity, Black",Office Supplies,Fasteners
341,OFF-AR-10000122,Newell 314,Office Supplies,Art
342,OFF-BI-10003656,Fellowes PB200 Plastic Comb Binding Machine,Office Supplies,Binders
343,OFF-FA-10002780,Staples,Office Supplies,Fasteners
344,TEC-PH-10000702,"Square Credit Card Reader, 4 1/2"" x 4 1/2"" x 1"", White",Technology,Phones
345,OFF-ST-10000107,Fellowes Super Stor/Drawer,Office Supplies,Storage
346,TEC-PH-10002293,Anker 36W 4-Port USB Wall Charger Travel Power Adapter for iPhone 5s 5c 5,Technology,Phones
347,OFF-AR-10004027,"Binney & Smith inkTank Erasable Desk Highlighter, Chisel Tip, Yellow, 12/Box",Office Supplies,Art
348,OFF-PA-10000249,Easy-staple paper,Office Supplies,Paper
349,OFF-AR-10001374,"BIC Brite Liner Highlighters, Chisel Tip",Office Supplies,Art
350,TEC-AC-10000290,Sabrent 4-Port USB 2.0 Hub,Technology,Accessories
351,OFF-PA-10001970,Xerox 1881,Office Supplies,Paper
352,OFF-BI-10002160,Acco Hanging Data Binders,Office Supplies,Binders
353,OFF-PA-10001970,Xerox 1881,Office Supplies,Paper
354,OFF-BI-10004995,GBC DocuBind P400 Electric Binding System,Office Supplies,Binders
355,FUR-BO-10002268,Sauder Barrister Bookcases,Furniture,Bookcases
356,OFF-EN-10001137,"#10 Gummed Flap White Envelopes, 100/Box",Office Supplies,Envelopes
357,OFF-AR-10002399,"Dixon Prang Watercolor Pencils, 10-Color Set with Brush",Office Supplies,Art
358,OFF-PA-10002713,"Adams Phone Message Book, 200 Message Capacity, 8 1/16” x 11”",Office Supplies,Paper
359,OFF-PA-10002666,Southworth 25% Cotton Linen-Finish Paper & Envelopes,Office Supplies,Paper
360,OFF-AP-10001124,Belkin 8 Outlet SurgeMaster II Gold Surge Protector with Phone Protection,Office Supplies,Appliances
361,OFF-LA-10001158,"Avery Address/Shipping Labels for Typewriters, 4"" x 2""",Office Supplies,Labels
362,OFF-LA-10001158,"Avery Address/Shipping Labels for Typewriters, 4"" x 2""",Office Supplies,Labels
363,FUR-CH-10000785,Global Ergonomic Managers Chair,Furniture,Chairs
364,OFF-AR-10003732,Newell 333,Office Supplies,Art
365,FUR-FU-10000023,Eldon Wave Desk Accessories,Furniture,Furnishings
366,OFF-ST-10001713,"Gould Plastics 9-Pocket Panel Bin, 18-3/8w x 5-1/4d x 20-1/2h, Black",Office Supplies,Storage
367,OFF-BI-10002412,Wilson Jones “Snap” Scratch Pad Binder Tool for Ring Binders,Office Supplies,Binders
368,OFF-SU-10001225,Staple remover,Office Supplies,Supplies
369,OFF-ST-10002406,Pizazz Global Quick File,Office Supplies,Storage
370,FUR-BO-10002545,"Atlantic Metals Mobile 3-Shelf Bookcases, Custom Colors",Furniture,Bookcases
371,OFF-PA-10002036,Xerox 1930,Office Supplies,Paper
372,OFF-ST-10002205,File Shuttle I and Handi-File,Office Supplies,Storage
373,OFF-BI-10001982,Wilson Jones Custom Binder Spines & Labels,Office Supplies,Binders
374,TEC-AC-10003911,NETGEAR AC1750 Dual Band Gigabit Smart WiFi Router,Technology,Accessories
375,OFF-AR-10000658,Newell 324,Office Supplies,Art
376,TEC-AC-10002076,Microsoft Natural Keyboard Elite,Technology,Accessories
377,OFF-PA-10003039,Xerox 1960,Office Supplies,Paper
378,FUR-TA-10004915,"Office Impressions End Table, 20-1/2""H x 24""W x 20""D",Furniture,Tables
379,OFF-AP-10000696,Holmes Odor Grabber,Office Supplies,Appliances
380,OFF-ST-10003327,Akro-Mils 12-Gallon Tote,Office Supplies,Storage
381,OFF-BI-10000309,"GBC Twin Loop Wire Binding Elements, 9/16"" Spine, Black",Office Supplies,Binders
382,OFF-PA-10004734,Southworth Structures Collection,Office Supplies,Paper
383,OFF-BI-10002225,"Square Ring Data Binders, Rigid 75 Pt. Covers, 11"" x 14-7/8""",Office Supplies,Binders
384,TEC-AC-10004708,Sony 32GB Class 10 Micro SDHC R40 Memory Card,Technology,Accessories
385,FUR-TA-10000617,"Hon Practical Foundations 30 x 60 Training Table, Light Gray/Charcoal",Furniture,Tables
386,TEC-AC-10002335,Logitech Media Keyboard K200,Technology,Accessories
387,TEC-MA-10001681,Lexmark MarkNet N8150 Wireless Print Server,Technology,Machines
388,FUR-FU-10001935,3M Hangers With Command Adhesive,Furniture,Furnishings
389,OFF-AR-10004757,Crayola Colored Pencils,Office Supplies,Art
390,OFF-BI-10000050,"Angle-D Binders with Locking Rings, Label Holders",Office Supplies,Binders
391,TEC-AC-10001998,Logitech LS21 Speaker System - PC Multimedia - 2.1-CH - Wired,Technology,Accessories
392,TEC-PH-10003012,Nortel Meridian M3904 Professional Digital phone,Technology,Phones
393,TEC-CO-10002313,Canon PC1080F Personal Copier,Technology,Copiers
394,OFF-BI-10003982,Wilson Jones Century Plastic Molded Ring Binders,Office Supplies,Binders
395,OFF-BI-10004492,Tuf-Vin Binders,Office Supplies,Binders
396,OFF-ST-10000798,2300 Heavy-Duty Transfer File Systems by Perma,Office Supplies,Storage
397,OFF-PA-10002552,Xerox 1958,Office Supplies,Paper
398,OFF-SU-10002573,"Acme 10"" Easy Grip Assistive Scissors",Office Supplies,Supplies
399,OFF-ST-10001580,Super Decoflex Portable Personal File,Office Supplies,Storage
400,FUR-BO-10004834,"Riverside Palais Royal Lawyers Bookcase, Royale Cherry Finish",Furniture,Bookcases
401,OFF-ST-10000934,"Contico 72""H Heavy-Duty Storage System",Office Supplies,Storage
402,TEC-AC-10000158,Sony 64GB Class 10 Micro SDHC R40 Memory Card,Technology,Accessories
403,OFF-PA-10001947,Xerox 1974,Office Supplies,Paper
404,OFF-AR-10003478,"Avery Hi-Liter EverBold Pen Style Fluorescent Highlighters, 4/Pack",Office Supplies,Art
405,OFF-AP-10004249,Staple holder,Office Supplies,Appliances
406,TEC-AC-10000158,Sony 64GB Class 10 Micro SDHC R40 Memory Card,Technology,Accessories
407,TEC-CO-10004115,Sharp AL-1530CS Digital Copier,Technology,Copiers
408,OFF-PA-10003724,"Wirebound Message Book, 4 per Page",Office Supplies,Paper
409,FUR-TA-10002041,"Bevis Round Conference Table Top, X-Base",Furniture,Tables
410,OFF-PA-10002893,"Wirebound Service Call Books, 5 1/2"" x 4""",Office Supplies,Paper
411,OFF-LA-10003766,Self-Adhesive Removable Labels,Office Supplies,Labels
412,OFF-PA-10001970,Xerox 1908,Office Supplies,Paper
413,FUR-BO-10001972,O'Sullivan 4-Shelf Bookcase in Odessa Pine,Furniture,Bookcases
414,FUR-CH-10003956,Novimex High-Tech Fabric Mesh Task Chair,Furniture,Chairs
415,OFF-PA-10000157,Xerox 191,Office Supplies,Paper
416,FUR-CH-10001891,Global Deluxe Office Fabric Chairs,Furniture,Chairs
417,OFF-AR-10004344,Bulldog Vacuum Base Pencil Sharpener,Office Supplies,Art
418,FUR-CH-10004886,Bevis Steel Folding Chairs,Furniture,Chairs
419,OFF-PA-10003845,Xerox 1987,Office Supplies,Paper
420,OFF-AR-10001573,American Pencil,Office Supplies,Art
421,OFF-EN-10000483,"White Envelopes, White Envelopes with Clear Poly Window",Office Supplies,Envelopes
422,TEC-AC-10004114,KeyTronic 6101 Series - Keyboard - Black,Technology,Accessories
423,FUR-FU-10004712,"Westinghouse Mesh Shade Clip-On Gooseneck Lamp, Black",Furniture,Furnishings
424,OFF-ST-10000918,Crate-A-Files,Office Supplies,Storage
425,FUR-CH-10000015,Hon Multipurpose Stacking Arm Chairs,Furniture,Chairs
426,FUR-FU-10003347,Coloredge Poster Frame,Furniture,Furnishings
427,OFF-BI-10001543,GBC VeloBinder Manual Binding System,Office Supplies,Binders
428,TEC-MA-10000029,"Epson WorkForce WF-2530 All-in-One Printer, Copier Scanner",Technology,Machines
429,OFF-AR-10000369,Design Ebony Sketching Pencil,Office Supplies,Art
430,OFF-BI-10004584,GBC ProClick 150 Presentation Binding System,Office Supplies,Binders
431,TEC-AC-10004659,Imation Secure+ Hardware Encrypted USB 2.0 Flash Drive; 16GB,Technology,Accessories
432,TEC-AC-10004659,Imation Secure+ Hardware Encrypted USB 2.0 Flash Drive; 16GB,Technology,Accessories
433,OFF-ST-10000617,Woodgrain Magazine Files by Perma,Office Supplies,Storage
434,OFF-ST-10003306,Letter Size Cart,Office Supplies,Storage
435,OFF-BI-10000773,Insertable Tab Post Binder Dividers,Office Supplies,Binders
436,TEC-AC-10002600,Belkin QODE FastFit Bluetooth Keyboard,Technology,Accessories
437,TEC-MA-10002937,"Canon Color ImageCLASS MF8580Cdw Wireless Laser All-In-One Printer, Copier, Scanner",Technology,Machines
438,OFF-PA-10001970,Xerox 1908,Office Supplies,Paper
439,OFF-PA-10002230,Xerox 1897,Office Supplies,Paper
440,FUR-CH-10003396,Global Deluxe Steno Chair,Furniture,Chairs
441,FUR-FU-10000246,Aluminum Document Frame,Furniture,Furnishings
442,OFF-ST-10000060,Fellowes Bankers Box Staxonsteel Drawer File/Stacking System,Office Supplies,Storage
443,OFF-ST-10003058,Eldon Mobile Mega Data Cart  Mega Stackable  Add-On Trays,Office Supplies,Storage
444,OFF-PA-10002222,"Xerox Color Copier Paper, 11"" x 17"", Ream",Office Supplies,Paper
445,FUR-CH-10002372,Office Star - Ergonomically Designed Knee Chair,Furniture,Chairs
446,OFF-LA-10001317,Avery 520,Office Supplies,Labels
447,FUR-FU-10000206,"GE General Purpose, Extra Long Life, Showcase & Floodlight Incandescent Bulbs",Furniture,Furnishings
448,OFF-AR-10000588,Newell 345,Office Supplies,Art
449,OFF-ST-10001469,Fellowes Bankers Box Recycled Super Stor/Drawer,Office Supplies,Storage
450,OFF-AR-10001953,Boston 1645 Deluxe Heavier-Duty Electric Pencil Sharpener,Office Supplies,Art
451,OFF-AR-10003156,50 Colored Long Pencils,Office Supplies,Art
452,OFF-AR-10004974,Newell 342,Office Supplies,Art
453,TEC-PH-10002365,Belkin Grip Candy Sheer Case / Cover for iPhone 5 and 5S,Technology,Phones
454,FUR-TA-10001539,Chromcraft Rectangular Conference Tables,Furniture,Tables
455,OFF-ST-10000142,Deluxe Rollaway Locking File with Drawer,Office Supplies,Storage
456,TEC-AC-10001772,Memorex Mini Travel Drive 16 GB USB 2.0 Flash Drive,Technology,Accessories
457,FUR-CH-10000225,"Global Geo Office Task Chair, Gray",Furniture,Chairs
458,FUR-CH-10002331,Hon 4700 Series Mobuis Mid-Back Task Chairs with Adjustable Arms,Furniture,Chairs
459,OFF-EN-10001415,Staple envelope,Office Supplies,Envelopes
460,OFF-AP-10002472,3M Office Air Cleaner,Office Supplies,Appliances
461,TEC-AC-10004571,Logitech G700s Rechargeable Gaming Mouse,Technology,Accessories
462,OFF-BI-10001098,Acco D-Ring Binder w/DublLock,Office Supplies,Binders
463,FUR-FU-10000023,Eldon Wave Desk Accessories,Furniture,Furnishings
464,FUR-TA-10001889,Bush Advantage Collection Racetrack Conference Table,Furniture,Tables
465,OFF-BI-10000315,Poly Designer Cover & Back,Office Supplies,Binders
466,OFF-SU-10003505,Premier Electric Letter Opener,Office Supplies,Supplies
467,OFF-AP-10002578,"Fellowes Premier Superior Surge Suppressor, 10-Outlet, With Phone and Remote",Office Supplies,Appliances
468,FUR-FU-10002918,Eldon ClusterMat Chair Mat with Cordless Antistatic Protection,Furniture,Furnishings
469,FUR-BO-10002824,Bush Mission Pointe Library,Furniture,Bookcases
470,OFF-BI-10002194,Cardinal Hold-It CD Pocket,Office Supplies,Binders
471,OFF-PA-10004071,"Eaton Premium Continuous-Feed Paper, 25% Cotton, Letter Size, White, 1000 Shts/Box",Office Supplies,Paper
472,OFF-ST-10002743,SAFCO Boltless Steel Shelving,Office Supplies,Storage
473,FUR-BO-10001601,"Sauder Mission Library with Doors, Fruitwood Finish",Furniture,Bookcases
474,TEC-PH-10002680,Samsung Galaxy Note 3,Technology,Phones
475,OFF-ST-10001321,"Decoflex Hanging Personal Folder File, Blue",Office Supplies,Storage
476,OFF-PA-10001509,"Recycled Desk Saver Line ""While You Were Out"" Book, 5 1/2"" X 4""",Office Supplies,Paper
477,OFF-PA-10003465,Xerox 1912,Office Supplies,Paper
478,TEC-PH-10000149,Cisco SPA525G2 IP Phone - Wireless,Technology,Phones
479,FUR-FU-10002671,Electrix 20W Halogen Replacement Bulb for Zoom-In Desk Lamp,Furniture,Furnishings
480,OFF-AR-10003045,Prang Colored Pencils,Office Supplies,Art
481,OFF-ST-10000689,"Fellowes Strictly Business Drawer File, Letter/Legal Size",Office Supplies,Storage
482,TEC-AC-10001445,Imation USB 2.0 Swivel Flash Drive USB flash drive - 4 GB - Pink,Technology,Accessories
483,OFF-AR-10002053,"Premium Writing Pencils, Soft, #2 by Central Association for the Blind",Office Supplies,Art
484,TEC-AC-10002567,Logitech G602 Wireless Gaming Mouse,Technology,Accessories
485,OFF-LA-10003923,Alphabetical Labels for Top Tab Filing,Office Supplies,Labels
486,FUR-BO-10001337,O'Sullivan Living Dimensions 2-Shelf Bookcases,Furniture,Bookcases
487,TEC-PH-10001924,iHome FM Clock Radio with Lightning Dock,Technology,Phones
488,TEC-PH-10001363,Apple iPhone 5S,Technology,Phones
489,TEC-PH-10000376,Square Credit Card Reader,Technology,Phones
490,TEC-AC-10000303,Logitech M510 Wireless Mouse,Technology,Accessories
491,OFF-AR-10001953,Boston 1645 Deluxe Heavier-Duty Electric Pencil Sharpener,Office Supplies,Art
492,OFF-ST-10001809,Fellowes Officeware Wire Shelving,Office Supplies,Storage
493,OFF-EN-10003845,Colored Envelopes,Office Supplies,Envelopes
494,TEC-AC-10000991,Sony Micro Vault Click 8 GB USB 2.0 Flash Drive,Technology,Accessories
495,FUR-TA-10001857,Balt Solid Wood Rectangular Table,Furniture,Tables
496,OFF-EN-10001434,"Strathmore #10 Envelopes, Ultimate White",Office Supplies,Envelopes
497,OFF-BI-10002498,Clear Mylar Reinforcing Strips,Office Supplies,Binders
498,FUR-FU-10004864,"Howard Miller 14-1/2"" Diameter Chrome Round Wall Clock",Furniture,Furnishings
499,FUR-CH-10002602,DMI Arturo Collection Mission-style Design Wood Chair,Furniture,Chairs
500,FUR-FU-10000073,Deflect-O Glasstique Clear Desk Accessories,Furniture,Furnishings
501,OFF-BI-10001670,Vinyl Sectional Post Binders,Office Supplies,Binders
502,OFF-BI-10001658,GBC Standard Therm-A-Bind Covers,Office Supplies,Binders
503,FUR-CH-10001215,Global Troy Executive Leather Low-Back Tilter,Furniture,Chairs
504,OFF-BI-10000831,Storex Flexible Poly Binders with Double Pockets,Office Supplies,Binders
505,OFF-PA-10000357,"White Dual Perf Computer Printout Paper, 2700 Sheets, 1 Part, Heavyweight, 20 lbs., 14 7/8 x 11",Office Supplies,Paper
506,OFF-BI-10003274,"Avery Durable Slant Ring Binders, No Labels",Office Supplies,Binders
507,OFF-AR-10001662,Rogers Handheld Barrel Pencil Sharpener,Office Supplies,Art
508,OFF-AR-10003856,Newell 344,Office Supplies,Art
509,OFF-ST-10001228,Personal File Boxes with Fold-Down Carry Handle,Office Supplies,Storage
510,OFF-BI-10003527,Fellowes PB500 Electric Punch Plastic Comb Binding Machine with Manual Bind,Office Supplies,Binders
511,FUR-FU-10001290,Executive Impressions Supervisor Wall Clock,Furniture,Furnishings
512,TEC-AC-10002399,SanDisk Cruzer 32 GB USB Flash Drive,Technology,Accessories
513,OFF-AR-10002053,"Premium Writing Pencils, Soft, #2 by Central Association for the Blind",Office Supplies,Art
514,OFF-AR-10003811,Newell 327,Office Supplies,Art
515,OFF-AR-10001246,Newell 317,Office Supplies,Art
516,TEC-CO-10003236,Canon Image Class D660 Copier,Technology,Copiers
517,OFF-ST-10004507,Advantus Rolling Storage Box,Office Supplies,Storage
518,OFF-PA-10001667,Great White Multi-Use Recycled Paper (20Lb. and 84 Bright),Office Supplies,Paper
519,OFF-ST-10004459,Tennsco Single-Tier Lockers,Office Supplies,Storage
520,TEC-AC-10000171,"Verbatim 25 GB 6x Blu-ray Single Layer Recordable Disc, 25/Pack",Technology,Accessories
521,OFF-ST-10000736,Carina Double Wide Media Storage Towers in Natural & Black,Office Supplies,Storage
522,OFF-BI-10000285,XtraLife ClearVue Slant-D Ring Binders by Cardinal,Office Supplies,Binders
523,FUR-TA-10001857,Balt Solid Wood Rectangular Table,Furniture,Tables
524,TEC-PH-10003555,Motorola HK250 Universal Bluetooth Headset,Technology,Phones
525,TEC-AC-10003832,Imation 16GB Mini TravelDrive USB 2.0 Flash Drive,Technology,Accessories
526,OFF-FA-10002815,Staples,Office Supplies,Fasteners
527,FUR-CH-10003379,Global Commerce Series High-Back Swivel/Tilt Chairs,Furniture,Chairs
528,FUR-FU-10001756,"Eldon Expressions Desk Accessory, Wood Photo Frame, Mahogany",Furniture,Furnishings
529,OFF-ST-10004963,Eldon Gobal File Keepers,Office Supplies,Storage
530,OFF-SU-10002881,Martin Yale Chadless Opener Electric Letter Opener,Office Supplies,Supplies
531,OFF-EN-10001335,"White Business Envelopes with Contemporary Seam, Recycled White Business Envelopes",Office Supplies,Envelopes
532,FUR-CH-10000595,Safco Contoured Stacking Chairs,Furniture,Chairs
533,FUR-FU-10000448,Tenex Chairmats For Use With Carpeted Floors,Furniture,Furnishings
534,TEC-PH-10000984,Panasonic KX-TG9471B,Technology,Phones
535,OFF-BI-10002557,Presstex Flexible Ring Binders,Office Supplies,Binders
536,OFF-ST-10001325,Sterilite Officeware Hinged File Box,Office Supplies,Storage
537,OFF-BI-10002429,"Premier Elliptical Ring Binder, Black",Office Supplies,Binders
538,OFF-BI-10004528,Cardinal Poly Pocket Divider Pockets for Ring Binders,Office Supplies,Binders
539,OFF-AP-10001271,Eureka The Boss Cordless Rechargeable Stick Vac,Office Supplies,Appliances
540,FUR-CH-10002647,"Situations Contoured Folding Chairs, 4/Set",Furniture,Chairs
541,TEC-AC-10001432,Enermax Aurora Lite Keyboard,Technology,Accessories
542,TEC-PH-10002262,LG Electronics Tone+ HBS-730 Bluetooth Headset,Technology,Phones
543,OFF-ST-10001809,Fellowes Officeware Wire Shelving,Office Supplies,Storage
544,TEC-AC-10001465,SanDisk Cruzer 64 GB USB Flash Drive,Technology,Accessories
545,TEC-PH-10002597,Xblue XB-1670-86 X16 Small Office Telephone - Titanium,Technology,Phones
546,FUR-FU-10000723,"Deflect-o EconoMat Studded, No Bevel Mat for Low Pile Carpeting",Furniture,Furnishings
547,OFF-BI-10000404,Avery Printable Repositionable Plastic Tabs,Office Supplies,Binders
548,OFF-PA-10002986,Xerox 1898,Office Supplies,Paper
549,OFF-ST-10000604,Home/Office Personal File Carts,Office Supplies,Storage
550,OFF-BI-10004738,Flexible Leather- Look Classic Collection Ring Binder,Office Supplies,Binders
551,OFF-SU-10001935,Staple remover,Office Supplies,Supplies
552,FUR-CH-10002024,HON 5400 Series Task Chairs for Big and Tall,Furniture,Chairs
553,FUR-FU-10003039,"Howard Miller 11-1/2"" Diameter Grantwood Wall Clock",Furniture,Furnishings
554,OFF-FA-10004248,Advantus T-Pin Paper Clips,Office Supplies,Fasteners
555,OFF-ST-10001780,Tennsco 16-Compartment Lockers with Coat Rack,Office Supplies,Storage
556,OFF-AR-10003560,Zebra Zazzle Fluorescent Highlighters,Office Supplies,Art
557,OFF-LA-10001297,Avery 473,Office Supplies,Labels
558,FUR-TA-10004256,Bretford “Just In Time” Height-Adjustable Multi-Task Work Tables,Furniture,Tables
559,OFF-PA-10003441,Xerox 226,Office Supplies,Paper
560,FUR-FU-10003347,Coloredge Poster Frame,Furniture,Furnishings
561,OFF-BI-10000069,"GBC Prepunched Paper, 19-Hole, for Binding Systems, 24-lb",Office Supplies,Binders
562,OFF-AP-10003914,"Sanitaire Vibra Groomer IR Commercial Upright Vacuum, Replacement Belts",Office Supplies,Appliances
563,FUR-FU-10004020,Advantus Panel Wall Acrylic Frame,Furniture,Furnishings
564,OFF-FA-10003467,"Alliance Big Bands Rubber Bands, 12/Pack",Office Supplies,Fasteners
565,OFF-LA-10000634,Avery 509,Office Supplies,Labels
566,TEC-PH-10002496,Cisco SPA301,Technology,Phones
567,OFF-PA-10004530,Personal Creations Ink Jet Cards and Labels,Office Supplies,Paper
568,OFF-BI-10001107,"GBC White Gloss Covers, Plain Front",Office Supplies,Binders
569,OFF-PA-10004451,Xerox 222,Office Supplies,Paper
570,FUR-CH-10004997,Hon Every-Day Series Multi-Task Chairs,Furniture,Chairs
571,OFF-LA-10001297,Avery 473,Office Supplies,Labels
572,OFF-FA-10000585,OIC Bulk Pack Metal Binder Clips,Office Supplies,Fasteners
573,OFF-BI-10001922,Storex Dura Pro Binders,Office Supplies,Binders
574,TEC-PH-10000347,Cush Cases Heavy Duty Rugged Cover Case for Samsung Galaxy S5 - Purple,Technology,Phones
575,OFF-AR-10003394,Newell 332,Office Supplies,Art
576,OFF-PA-10004530,Personal Creations Ink Jet Cards and Labels,Office Supplies,Paper
577,OFF-PA-10001450,Rediform S.O.S. Phone Message Books,Office Supplies,Paper
578,OFF-SU-10001574,Acme Value Line Scissors,Office Supplies,Supplies
579,OFF-ST-10002974,"Trav-L-File Heavy-Duty Shuttle II, Black",Office Supplies,Storage
580,FUR-FU-10001475,"Contract Clock, 14"", Brown",Furniture,Furnishings
581,OFF-SU-10004498,Martin-Yale Premier Letter Opener,Office Supplies,Supplies
582,TEC-PH-10004977,GE 30524EE4,Technology,Phones
583,TEC-PH-10000586,AT&T SB67148 SynJ,Technology,Phones
584,OFF-AP-10000358,Fellowes Basic Home/Office Series Surge Protectors,Office Supplies,Appliances
585,OFF-BI-10002764,Recycled Pressboard Report Cover with Reinforced Top Hinge,Office Supplies,Binders
586,TEC-PH-10001254,Jabra BIZ 2300 Duo QD Duo Corded Headset,Technology,Phones
587,FUR-CH-10003956,Novimex High-Tech Fabric Mesh Task Chair,Furniture,Chairs
588,OFF-LA-10003930,"Dot Matrix Printer Tape Reel Labels, White, 5000/Box",Office Supplies,Labels
589,TEC-PH-10003800,i.Sound Portable Power - 8000 mAh,Technology,Phones
590,OFF-PA-10002005,Xerox 225,Office Supplies,Paper
591,OFF-BI-10002498,Clear Mylar Reinforcing Strips,Office Supplies,Binders
592,OFF-PA-10004101,Xerox 1894,Office Supplies,Paper
593,OFF-AR-10004078,Newell 312,Office Supplies,Art
594,TEC-AC-10001266,Memorex Micro Travel Drive 8 GB,Technology,Accessories
595,OFF-AP-10004708,Fellowes Superior 10 Outlet Split Surge Protector,Office Supplies,Appliances
596,TEC-CO-10004115,Sharp AL-1530CS Digital Copier,Technology,Copiers
597,TEC-PH-10002398,AT&T 1070 Corded Phone,Technology,Phones
598,FUR-FU-10001979,Dana Halogen Swing-Arm Architect Lamp,Furniture,Furnishings
599,OFF-SU-10004115,Acme Stainless Steel Office Snips,Office Supplies,Supplies
600,TEC-PH-10001425,Mophie Juice Pack Helium for iPhone,Technology,Phones
601,TEC-PH-10003963,GE 2-Jack Phone Line Splitter,Technology,Phones
602,OFF-SU-10001574,Acme Value Line Scissors,Office Supplies,Supplies
603,OFF-ST-10001490,"Hot File 7-Pocket, Floor Stand",Office Supplies,Storage
604,FUR-FU-10001756,"Eldon Expressions Desk Accessory, Wood Photo Frame, Mahogany",Furniture,Furnishings
605,OFF-BI-10000773,Insertable Tab Post Binder Dividers,Office Supplies,Binders
606,OFF-BI-10001543,GBC VeloBinder Manual Binding System,Office Supplies,Binders
607,OFF-PA-10002120,Xerox 1889,Office Supplies,Paper
608,OFF-BI-10000848,Angle-D Ring Binders,Office Supplies,Binders
609,OFF-AR-10001246,Newell 317,Office Supplies,Art
610,TEC-PH-10003092,Motorola L804,Technology,Phones
611,TEC-PH-10003012,Nortel Meridian M3904 Professional Digital phone,Technology,Phones
612,OFF-LA-10004345,Avery 493,Office Supplies,Labels
613,OFF-PA-10001204,Xerox 1972,Office Supplies,Paper
614,TEC-PH-10004667,Cisco 8x8 Inc. 6753i IP Business Phone System,Technology,Phones
615,TEC-PH-10000011,PureGear Roll-On Screen Protector,Technology,Phones
616,OFF-BI-10002949,Prestige Round Ring Binders,Office Supplies,Binders
617,FUR-FU-10003849,"DAX Metal Frame, Desktop, Stepped-Edge",Furniture,Furnishings
618,FUR-FU-10000010,"DAX Value U-Channel Document Frames, Easel Back",Furniture,Furnishings
619,OFF-BI-10002824,Recycled Easel Ring Binders,Office Supplies,Binders
620,TEC-PH-10002538,Grandstream GXP1160 VoIP phone,Technology,Phones
621,FUR-FU-10000521,"Seth Thomas 14"" Putty-Colored Wall Clock",Furniture,Furnishings
622,OFF-BI-10002103,"Cardinal Slant-D Ring Binder, Heavy Gauge Vinyl",Office Supplies,Binders
623,FUR-CH-10004853,"Global Manager's Adjustable Task Chair, Storm",Furniture,Chairs
624,OFF-AP-10000179,Honeywell Enviracaire Portable HEPA Air Cleaner for up to 10 x 16 Room,Office Supplies,Appliances
625,OFF-ST-10001272,"Mini 13-1/2 Capacity Data Binder Rack, Pearl",Office Supplies,Storage
626,OFF-AR-10004042,"BOSTON Model 1800 Electric Pencil Sharpeners, Putty/Woodgrain",Office Supplies,Art
627,FUR-FU-10000221,"Master Caster Door Stop, Brown",Furniture,Furnishings
628,OFF-AP-10001563,Belkin Premiere Surge Master II 8-outlet surge protector,Office Supplies,Appliances
629,OFF-BI-10000605,"Acco Pressboard Covers with Storage Hooks, 9 1/2"" x 11"", Executive Red",Office Supplies,Binders
630,OFF-PA-10002615,"Ampad Gold Fibre Wirebound Steno Books, 6"" x 9"", Gregg Ruled",Office Supplies,Paper
631,OFF-ST-10001963,Tennsco Regal Shelving Units,Office Supplies,Storage
632,TEC-AC-10001267,Imation 32GB Pocket Pro USB 3.0 Flash Drive - 32 GB - Black - 1 P ...,Technology,Accessories
633,TEC-PH-10002103,Jabra SPEAK 410,Technology,Phones
634,TEC-AC-10002857,"Verbatim 25 GB 6x Blu-ray Single Layer Recordable Disc, 1/Pack",Technology,Accessories
635,OFF-LA-10003930,"Dot Matrix Printer Tape Reel Labels, White, 5000/Box",Office Supplies,Labels
636,FUR-CH-10001482,Office Star - Mesh Screen back chair with Vinyl seat,Furniture,Chairs
637,OFF-BI-10001989,Premium Transparent Presentation Covers by GBC,Office Supplies,Binders
638,OFF-AP-10003287,Tripp Lite TLP810NET Broadband Surge for Modem/Fax,Office Supplies,Appliances
639,FUR-FU-10000576,Luxo Professional Fluorescent Magnifier Lamp with Clamp-Mount Base,Furniture,Furnishings
640,OFF-BI-10004728,Wilson Jones Turn Tabs Binder Tool for Ring Binders,Office Supplies,Binders
641,FUR-FU-10000732,Eldon 200 Class Desk Accessories,Furniture,Furnishings
642,OFF-ST-10000585,Economy Rollaway Files,Office Supplies,Storage
643,OFF-LA-10002787,Avery 480,Office Supplies,Labels
644,TEC-AC-10003832,Imation 16GB Mini TravelDrive USB 2.0 Flash Drive,Technology,Accessories
645,OFF-PA-10001934,Xerox 1993,Office Supplies,Paper
646,OFF-AP-10002457,"Eureka The Boss Plus 12-Amp Hard Box Upright Vacuum, Red",Office Supplies,Appliances
647,OFF-FA-10003112,Staples,Office Supplies,Fasteners
648,OFF-AP-10002350,Belkin F9H710-06 7 Outlet SurgeMaster Surge Protector,Office Supplies,Appliances
649,FUR-FU-10001935,3M Hangers With Command Adhesive,Furniture,Furnishings
650,TEC-PH-10003273,AT&T TR1909W,Technology,Phones
651,TEC-AC-10001142,First Data FD10 PIN Pad,Technology,Accessories
652,OFF-PA-10000482,"Snap-A-Way Black Print Carbonless Ruled Speed Letter, Triplicate",Office Supplies,Paper
653,OFF-PA-10003892,Xerox 1943,Office Supplies,Paper
654,TEC-AC-10001101,Sony 16GB Class 10 Micro SDHC R40 Memory Card,Technology,Accessories
655,OFF-AP-10002439,Tripp Lite Isotel 8 Ultra 8 Outlet Metal Surge,Office Supplies,Appliances
656,OFF-BI-10002827,Avery Durable Poly Binders,Office Supplies,Binders
657,OFF-EN-10002230,Airmail Envelopes,Office Supplies,Envelopes
658,FUR-CH-10001215,Global Troy Executive Leather Low-Back Tilter,Furniture,Chairs
659,OFF-BI-10004654,Avery Binding System Hidden Tab Executive Style Index Sets,Office Supplies,Binders
660,OFF-ST-10001490,"Hot File 7-Pocket, Floor Stand",Office Supplies,Storage
661,OFF-ST-10001511,Space Solutions Commercial Steel Shelving,Office Supplies,Storage
662,FUR-TA-10001768,Hon Racetrack Conference Tables,Furniture,Tables
663,OFF-BI-10003981,"Avery Durable Plastic 1"" Binders",Office Supplies,Binders
664,OFF-ST-10001522,"Gould Plastics 18-Pocket Panel Bin, 34w x 5-1/4d x 20-1/2h",Office Supplies,Storage
665,OFF-FA-10000621,"OIC Colored Binder Clips, Assorted Sizes",Office Supplies,Fasteners
666,OFF-SU-10004231,Acme Tagit Stainless Steel Antibacterial Scissors,Office Supplies,Supplies
667,OFF-PA-10000474,Easy-staple paper,Office Supplies,Paper
668,TEC-PH-10004042,ClearOne Communications CHAT 70 OC Speaker Phone,Technology,Phones
669,FUR-FU-10003096,"Master Giant Foot Doorstop, Safety Yellow",Furniture,Furnishings
670,FUR-FU-10002759,12-1/2 Diameter Round Wall Clock,Furniture,Furnishings
671,FUR-TA-10000688,"Chromcraft Bull-Nose Wood Round Conference Table Top, Wood Base",Furniture,Tables
672,OFF-PA-10002377,"Adams Telephone Message Book W/Dividers/Space For Phone Numbers, 5 1/4""X8 1/2"", 200/Messages",Office Supplies,Paper
673,OFF-AR-10001954,Newell 331,Office Supplies,Art
674,OFF-AP-10004532,Kensington 6 Outlet Guardian Standard Surge Protector,Office Supplies,Appliances
675,OFF-PA-10002137,"Southworth 100% Résumé Paper, 24lb.",Office Supplies,Paper
676,TEC-AC-10003832,Imation 16GB Mini TravelDrive USB 2.0 Flash Drive,Technology,Accessories
677,OFF-AP-10000804,Hoover Portapower Portable Vacuum,Office Supplies,Appliances
678,TEC-AC-10003614,"Verbatim 25 GB 6x Blu-ray Single Layer Recordable Disc, 10/Pack",Technology,Accessories
679,FUR-FU-10003553,"Howard Miller 13-1/2"" Diameter Rosebrook Wall Clock",Furniture,Furnishings
680,OFF-BI-10004632,Ibico Hi-Tech Manual Binding System,Office Supplies,Binders
681,OFF-BI-10003305,Avery Hanging File Binders,Office Supplies,Binders
682,OFF-ST-10002583,Fellowes Neat Ideas Storage Cubes,Office Supplies,Storage
683,OFF-ST-10004507,Advantus Rolling Storage Box,Office Supplies,Storage
684,TEC-MA-10004125,Cubify CubeX 3D Printer Triple Head Print,Technology,Machines
685,OFF-AP-10002457,"Eureka The Boss Plus 12-Amp Hard Box Upright Vacuum, Red",Office Supplies,Appliances
686,TEC-AC-10003911,NETGEAR AC1750 Dual Band Gigabit Smart WiFi Router,Technology,Accessories
687,OFF-LA-10001934,Avery 516,Office Supplies,Labels
688,OFF-PA-10000304,Xerox 1995,Office Supplies,Paper
689,FUR-BO-10004015,"Bush Andora Bookcase, Maple/Graphite Gray Finish",Furniture,Bookcases
690,FUR-FU-10004071,Luxo Professional Magnifying Clamp-On Fluorescent Lamps,Furniture,Furnishings
691,TEC-PH-10002033,Konftel 250 Conference phone - Charcoal black,Technology,Phones
692,OFF-ST-10002444,Recycled Eldon Regeneration Jumbo File,Office Supplies,Storage
693,TEC-AC-10002253,Imation Bio 8GB USB Flash Drive Imation Corp,Technology,Accessories
694,OFF-PA-10000743,Xerox 1977,Office Supplies,Paper
695,OFF-AR-10003373,"Boston School Pro Electric Pencil Sharpener, 1670",Office Supplies,Art
696,OFF-LA-10002312,Avery 490,Office Supplies,Labels
697,OFF-EN-10000927,Jet-Pak Recycled Peel 'N' Seal Padded Mailers,Office Supplies,Envelopes
698,OFF-LA-10003510,"Avery 4027 File Folder Labels for Dot Matrix Printers, 5000 Labels per Box, White",Office Supplies,Labels
699,OFF-AR-10001118,"Binney & Smith Crayola Metallic Crayons, 16-Color Pack",Office Supplies,Art
700,OFF-BI-10001575,GBC Linen Binding Covers,Office Supplies,Binders
701,OFF-BI-10001982,Wilson Jones Custom Binder Spines & Labels,Office Supplies,Binders
702,FUR-FU-10002960,"Eldon 200 Class Desk Accessories, Burgundy",Furniture,Furnishings
703,FUR-FU-10003394,"Tenex ""The Solids"" Textured Chair Mats",Furniture,Furnishings
704,FUR-TA-10002774,Laminate Occasional Tables,Furniture,Tables
705,OFF-PA-10001800,Xerox 220,Office Supplies,Paper
706,OFF-AP-10001469,Fellowes 8 Outlet Superior Workstation Surge Protector,Office Supplies,Appliances
707,TEC-AC-10002399,SanDisk Cruzer 32 GB USB Flash Drive,Technology,Accessories
708,TEC-AC-10003628,Logitech 910-002974 M325 Wireless Mouse for Web Scrolling,Technology,Accessories
709,FUR-BO-10003272,O'Sullivan Living Dimensions 5-Shelf Bookcases,Furniture,Bookcases
710,OFF-BI-10000050,"Angle-D Binders with Locking Rings, Label Holders",Office Supplies,Binders
711,OFF-PA-10004071,"Eaton Premium Continuous-Feed Paper, 25% Cotton, Letter Size, White, 1000 Shts/Box",Office Supplies,Paper
712,OFF-EN-10001219,"#10- 4 1/8"" x 9 1/2"" Security-Tint Envelopes",Office Supplies,Envelopes
713,OFF-AP-10001154,Bionaire Personal Warm Mist Humidifier/Vaporizer,Office Supplies,Appliances
714,TEC-PH-10003012,Nortel Meridian M3904 Professional Digital phone,Technology,Phones
715,TEC-AC-10001606,Logitech Wireless Performance Mouse MX for PC and Mac,Technology,Accessories
716,OFF-BI-10003355,Cardinal Holdit Business Card Pockets,Office Supplies,Binders
717,FUR-FU-10000010,"DAX Value U-Channel Document Frames, Easel Back",Furniture,Furnishings
718,FUR-FU-10002253,"Howard Miller 13"" Diameter Pewter Finish Round Wall Clock",Furniture,Furnishings
719,OFF-BI-10001658,GBC Standard Therm-A-Bind Covers,Office Supplies,Binders
720,FUR-FU-10000246,Aluminum Document Frame,Furniture,Furnishings
721,OFF-PA-10004092,Tops Green Bar Computer Printout Paper,Office Supplies,Paper
722,FUR-TA-10000198,Chromcraft Bull-Nose Wood Oval Conference Tables & Bases,Furniture,Tables
723,OFF-ST-10000036,"Recycled Data-Pak for Archival Bound Computer Printouts, 12-1/2 x 12-1/2 x 16",Office Supplies,Storage
724,FUR-FU-10000222,"Seth Thomas 16"" Steel Case Clock",Furniture,Furnishings
725,OFF-SU-10004664,Acme Softgrip Scissors,Office Supplies,Supplies
726,OFF-EN-10001141,"Manila Recycled Extra-Heavyweight Clasp Envelopes, 6"" x 9""",Office Supplies,Envelopes
727,TEC-PH-10002170,ClearSounds CSC500 Amplified Spirit Phone Corded phone,Technology,Phones
728,OFF-PA-10001954,Xerox 1964,Office Supplies,Paper
729,FUR-TA-10002228,"Bevis Traditional Conference Table Top, Plinth Base",Furniture,Tables
730,OFF-ST-10004634,"Personal Folder Holder, Ebony",Office Supplies,Storage
731,FUR-CH-10002965,"Global Leather Highback Executive Chair with Pneumatic Height Adjustment, Black",Furniture,Chairs
732,OFF-LA-10001317,Avery 520,Office Supplies,Labels
733,OFF-ST-10000736,Carina Double Wide Media Storage Towers in Natural & Black,Office Supplies,Storage
734,TEC-AC-10003610,Logitech Illuminated - Keyboard,Technology,Accessories
735,OFF-BI-10003982,Wilson Jones Century Plastic Molded Ring Binders,Office Supplies,Binders
736,OFF-BI-10003291,Wilson Jones Leather-Like Binders with DublLock Round Rings,Office Supplies,Binders
737,FUR-BO-10001619,O'Sullivan Cherrywood Estates Traditional Bookcase,Furniture,Bookcases
738,OFF-BI-10000138,Acco Translucent Poly Ring Binders,Office Supplies,Binders
739,TEC-AC-10001383,Logitech Wireless Touch Keyboard K400,Technology,Accessories
740,OFF-LA-10003223,Avery 508,Office Supplies,Labels
741,OFF-ST-10002743,SAFCO Boltless Steel Shelving,Office Supplies,Storage
742,OFF-BI-10004094,GBC Standard Plastic Binding Systems Combs,Office Supplies,Binders
743,OFF-SU-10004498,Martin-Yale Premier Letter Opener,Office Supplies,Supplies
744,OFF-PA-10002615,"Ampad Gold Fibre Wirebound Steno Books, 6"" x 9"", Gregg Ruled",Office Supplies,Paper
745,OFF-PA-10004971,Xerox 196,Office Supplies,Paper
746,OFF-SU-10004261,"Fiskars 8"" Scissors, 2/Pack",Office Supplies,Supplies
747,FUR-TA-10002607,KI Conference Tables,Furniture,Tables
748,OFF-ST-10001809,Fellowes Officeware Wire Shelving,Office Supplies,Storage
749,TEC-PH-10000004,Belkin iPhone and iPad Lightning Cable,Technology,Phones
750,OFF-BI-10003638,GBC Durable Plastic Covers,Office Supplies,Binders
751,FUR-FU-10003577,Nu-Dell Leatherette Frames,Furniture,Furnishings
752,OFF-AR-10003478,"Avery Hi-Liter EverBold Pen Style Fluorescent Highlighters, 4/Pack",Office Supplies,Art
753,OFF-BI-10000546,Avery Durable Binders,Office Supplies,Binders
754,TEC-CO-10002095,Hewlett Packard 610 Color Digital Copier / Printer,Technology,Copiers
755,FUR-FU-10002759,12-1/2 Diameter Round Wall Clock,Furniture,Furnishings
756,FUR-TA-10001095,Chromcraft Round Conference Tables,Furniture,Tables
757,OFF-ST-10002444,Recycled Eldon Regeneration Jumbo File,Office Supplies,Storage
758,TEC-AC-10001267,Imation 32GB Pocket Pro USB 3.0 Flash Drive - 32 GB - Black - 1 P ...,Technology,Accessories
759,OFF-BI-10000848,Angle-D Ring Binders,Office Supplies,Binders
760,OFF-PA-10002377,"Adams Telephone Message Book W/Dividers/Space For Phone Numbers, 5 1/4""X8 1/2"", 200/Messages",Office Supplies,Paper
761,OFF-PA-10003441,Xerox 226,Office Supplies,Paper
762,OFF-LA-10004484,Avery 476,Office Supplies,Labels
763,TEC-PH-10003931,JBL Micro Wireless Portable Bluetooth Speaker,Technology,Phones
764,OFF-EN-10001990,Staple envelope,Office Supplies,Envelopes
765,OFF-EN-10001532,Brown Kraft Recycled Envelopes,Office Supplies,Envelopes
766,TEC-AC-10003174,Plantronics S12 Corded Telephone Headset System,Technology,Accessories
767,OFF-BI-10004187,3-ring staple pack,Office Supplies,Binders
768,OFF-ST-10000025,Fellowes Stor/Drawer Steel Plus Storage Drawers,Office Supplies,Storage
769,FUR-FU-10004306,Electrix Halogen Magnifier Lamp,Furniture,Furnishings
770,FUR-CH-10003746,Hon 4070 Series Pagoda Round Back Stacking Chairs,Furniture,Chairs
771,OFF-BI-10001036,Cardinal EasyOpen D-Ring Binders,Office Supplies,Binders
772,TEC-PH-10004614,AT&T 841000 Phone,Technology,Phones
773,OFF-BI-10000301,GBC Instant Report Kit,Office Supplies,Binders
774,OFF-BI-10003910,DXL Angle-View Binders with Locking Rings by Samsill,Office Supplies,Binders
775,OFF-AR-10004648,Boston 19500 Mighty Mite Electric Pencil Sharpener,Office Supplies,Art
776,FUR-FU-10002597,"C-Line Magnetic Cubicle Keepers, Clear Polypropylene",Furniture,Furnishings
777,OFF-AR-10003405,"Dixon My First Ticonderoga Pencil, #2",Office Supplies,Art
778,FUR-CH-10002335,Hon GuestStacker Chair,Furniture,Chairs
779,OFF-PA-10000157,Xerox 191,Office Supplies,Paper
780,OFF-PA-10001947,Xerox 1974,Office Supplies,Paper
781,OFF-PA-10003657,Xerox 1927,Office Supplies,Paper
782,OFF-BI-10001098,Acco D-Ring Binder w/DublLock,Office Supplies,Binders
783,TEC-AC-10002167,Imation 8gb Micro Traveldrive Usb 2.0 Flash Drive,Technology,Accessories
784,FUR-BO-10004409,"Safco Value Mate Series Steel Bookcases, Baked Enamel Finish on Steel, Gray",Furniture,Bookcases
785,TEC-AC-10000057,Microsoft Natural Ergonomic Keyboard 4000,Technology,Accessories
786,OFF-EN-10000056,Cameo Buff Policy Envelopes,Office Supplies,Envelopes
787,OFF-BI-10000014,Heavy-Duty E-Z-D Binders,Office Supplies,Binders
788,FUR-CH-10004675,"Lifetime Advantage Folding Chairs, 4/Carton",Furniture,Chairs
789,OFF-BI-10001543,GBC VeloBinder Manual Binding System,Office Supplies,Binders
790,OFF-ST-10001321,"Decoflex Hanging Personal Folder File, Blue",Office Supplies,Storage
791,OFF-BI-10001132,"Acco PRESSTEX Data Binder with Storage Hooks, Dark Blue, 9 1/2"" X 11""",Office Supplies,Binders
792,FUR-CH-10003199,Office Star - Contemporary Task Swivel Chair,Furniture,Chairs
793,TEC-PH-10001530,Cisco Unified IP Phone 7945G VoIP phone,Technology,Phones
794,OFF-LA-10001569,Avery 499,Office Supplies,Labels
795,OFF-PA-10003724,"Wirebound Message Book, 4 per Page",Office Supplies,Paper
796,OFF-BI-10000546,Avery Durable Binders,Office Supplies,Binders
797,OFF-PA-10000176,Xerox 1887,Office Supplies,Paper
798,OFF-PA-10002365,Xerox 1967,Office Supplies,Paper
799,OFF-LA-10002271,Smead Alpha-Z Color-Coded Second Alphabetical Labels and Starter Set,Office Supplies,Labels
800,FUR-CH-10002647,"Situations Contoured Folding Chairs, 4/Set",Furniture,Chairs
801,FUR-FU-10004090,"Executive Impressions 14"" Contract Wall Clock",Furniture,Furnishings
802,TEC-PH-10001580,Logitech Mobile Speakerphone P710e - speaker phone,Technology,Phones
803,OFF-AP-10000576,Belkin 7 Outlet SurgeMaster II,Office Supplies,Appliances
804,OFF-PA-10003953,Xerox 218,Office Supplies,Paper
805,FUR-FU-10000794,"Eldon Stackable Tray, Side-Load, Legal, Smoke",Furniture,Furnishings
806,OFF-AR-10001897,Model L Table or Wall-Mount Pencil Sharpener,Office Supplies,Art
807,TEC-PH-10001795,ClearOne CHATAttach 160 - speaker phone,Technology,Phones
808,FUR-FU-10003347,Coloredge Poster Frame,Furniture,Furnishings
809,TEC-AC-10004901,Kensington SlimBlade Notebook Wireless Mouse with Nano Receiver ,Technology,Accessories
810,OFF-AR-10003190,Newell 32,Office Supplies,Art
811,FUR-TA-10002903,"Bevis Round Bullnose 29"" High Table Top",Furniture,Tables
812,OFF-AP-10000240,Belkin F9G930V10-GRY 9 Outlet Surge,Office Supplies,Appliances
813,TEC-AC-10001101,Sony 16GB Class 10 Micro SDHC R40 Memory Card,Technology,Accessories
814,FUR-FU-10000794,"Eldon Stackable Tray, Side-Load, Legal, Smoke",Furniture,Furnishings
815,TEC-AC-10001838,Razer Tiamat Over Ear 7.1 Surround Sound PC Gaming Headset,Technology,Accessories
816,OFF-PA-10000061,Xerox 205,Office Supplies,Paper
817,OFF-PA-10003651,Xerox 1968,Office Supplies,Paper
818,OFF-PA-10000304,Xerox 1995,Office Supplies,Paper
819,OFF-BI-10003094,Self-Adhesive Ring Binder Labels,Office Supplies,Binders
820,FUR-CH-10001394,Global Leather Executive Chair,Furniture,Chairs
821,OFF-BI-10004230,GBC Recycled Grain Textured Covers,Office Supplies,Binders
822,OFF-PA-10003395,Xerox 1941,Office Supplies,Paper
823,TEC-AC-10002402,Razer Kraken PRO Over Ear PC and Music Headset,Technology,Accessories
824,OFF-LA-10003223,Avery 508,Office Supplies,Labels
825,TEC-AC-10003441,Kingston Digital DataTraveler 32GB USB 2.0,Technology,Accessories
826,TEC-AC-10000109,Sony Micro Vault Click 16 GB USB 2.0 Flash Drive,Technology,Accessories
827,OFF-FA-10002280,Advantus Plastic Paper Clips,Office Supplies,Fasteners
828,OFF-SU-10000381,Acme Forged Steel Scissors with Black Enamel Handles,Office Supplies,Supplies
829,OFF-EN-10004459,Security-Tint Envelopes,Office Supplies,Envelopes
830,FUR-CH-10000665,"Global Airflow Leather Mesh Back Chair, Black",Furniture,Chairs
831,OFF-AP-10003884,"Fellowes Smart Surge Ten-Outlet Protector, Platinum",Office Supplies,Appliances
832,TEC-PH-10001557,Pyle PMP37LED,Technology,Phones
833,TEC-PH-10002085,Clarity 53712,Technology,Phones
834,OFF-AR-10002956,Boston 16801 Nautilus Battery Pencil Sharpener,Office Supplies,Art
835,OFF-AP-10003266,"Holmes Replacement Filter for HEPA Air Cleaner, Large Room",Office Supplies,Appliances
836,TEC-MA-10004002,Zebra GX420t Direct Thermal/Thermal Transfer Printer,Technology,Machines
837,OFF-BI-10001071,GBC ProClick Punch Binding System,Office Supplies,Binders
838,OFF-PA-10001560,"Adams Telephone Message Books, 5 1/4” x 11”",Office Supplies,Paper
839,TEC-PH-10002365,Belkin Grip Candy Sheer Case / Cover for iPhone 5 and 5S,Technology,Phones
840,OFF-AR-10004648,Boston 19500 Mighty Mite Electric Pencil Sharpener,Office Supplies,Art
841,OFF-AR-10002578,Newell 335,Office Supplies,Art
842,FUR-BO-10001519,O'Sullivan 3-Shelf Heavy-Duty Bookcases,Furniture,Bookcases
843,OFF-BI-10001294,Fellowes Binding Cases,Office Supplies,Binders
844,OFF-BI-10001636,Ibico Plastic and Wire Spiral Binding Combs,Office Supplies,Binders
845,OFF-SU-10002503,Acme Preferred Stainless Steel Scissors,Office Supplies,Supplies
846,OFF-LA-10004093,Avery 486,Office Supplies,Labels
847,TEC-PH-10001552,I Need's 3d Hello Kitty Hybrid Silicone Case Cover for HTC One X 4g with 3d Hello Kitty Stylus Pen Green/pink,Technology,Phones
848,FUR-CH-10001891,Global Deluxe Office Fabric Chairs,Furniture,Chairs
849,FUR-FU-10003878,"Linden 10"" Round Wall Clock, Black",Furniture,Furnishings
850,TEC-AC-10000710,Maxell DVD-RAM Discs,Technology,Accessories
851,OFF-AR-10002335,DIXON Oriole Pencils,Office Supplies,Art
852,OFF-PA-10001870,Xerox 202,Office Supplies,Paper
853,OFF-AR-10003373,"Boston School Pro Electric Pencil Sharpener, 1670",Office Supplies,Art
854,FUR-FU-10004090,"Executive Impressions 14"" Contract Wall Clock",Furniture,Furnishings
855,OFF-ST-10000736,Carina Double Wide Media Storage Towers in Natural & Black,Office Supplies,Storage
856,OFF-PA-10001019,Xerox 1884,Office Supplies,Paper
857,OFF-SU-10002537,Acme Box Cutter Scissors,Office Supplies,Supplies
858,OFF-ST-10003221,Staple magnet,Office Supplies,Storage
859,OFF-PA-10004569,"Wirebound Message Books, Two 4 1/4"" x 5"" Forms per Page",Office Supplies,Paper
860,OFF-FA-10000624,OIC Binder Clips,Office Supplies,Fasteners
861,OFF-SU-10001225,Staple remover,Office Supplies,Supplies
862,OFF-AR-10003752,Deluxe Chalkboard Eraser Cleaner,Office Supplies,Art
863,TEC-AC-10001714,Logitech MX Performance Wireless Mouse,Technology,Accessories
864,OFF-AR-10003958,Newell 337,Office Supplies,Art
865,TEC-PH-10002923,"Logitech B530 USB Headset - headset - Full size, Binaural",Technology,Phones
866,OFF-LA-10004272,Avery 482,Office Supplies,Labels
867,FUR-FU-10000965,"Howard Miller 11-1/2"" Diameter Ridgewood Wall Clock",Furniture,Furnishings
868,OFF-LA-10004853,Avery 483,Office Supplies,Labels
869,OFF-BI-10003719,Large Capacity Hanging Post Binders,Office Supplies,Binders
870,OFF-BI-10000545,GBC Ibimaster 500 Manual ProClick Binding System,Office Supplies,Binders
871,TEC-PH-10002496,Cisco SPA301,Technology,Phones
872,OFF-PA-10003591,Southworth 100% Cotton The Best Paper,Office Supplies,Paper
873,OFF-PA-10004470,"Adams Write n' Stick Phone Message Book, 11"" X 5 1/4"", 200 Messages",Office Supplies,Paper
874,OFF-BI-10000315,Poly Designer Cover & Back,Office Supplies,Binders
875,OFF-PA-10001790,Xerox 1910,Office Supplies,Paper
876,FUR-FU-10004017,"Tenex Contemporary Contur Chairmats for Low and Medium Pile Carpet, Computer, 39"" x 49""",Furniture,Furnishings
877,TEC-AC-10003628,Logitech 910-002974 M325 Wireless Mouse for Web Scrolling,Technology,Accessories
878,TEC-AC-10002049,Logitech G19 Programmable Gaming Keyboard,Technology,Accessories
879,OFF-BI-10003712,"Acco Pressboard Covers with Storage Hooks, 14 7/8"" x 11"", Light Blue",Office Supplies,Binders
880,OFF-BI-10003984,Lock-Up Easel 'Spel-Binder',Office Supplies,Binders
881,FUR-CH-10004287,SAFCO Arco Folding Chair,Furniture,Chairs
882,OFF-ST-10001321,"Decoflex Hanging Personal Folder File, Blue",Office Supplies,Storage
883,OFF-AR-10001118,"Binney & Smith Crayola Metallic Crayons, 16-Color Pack",Office Supplies,Art
884,FUR-FU-10000732,Eldon 200 Class Desk Accessories,Furniture,Furnishings
885,FUR-FU-10001424,Dax Clear Box Frame,Furniture,Furnishings
886,OFF-BI-10002071,Fellowes Black Plastic Comb Bindings,Office Supplies,Binders
887,OFF-ST-10002486,Eldon Shelf Savers Cubes and Bins,Office Supplies,Storage
888,OFF-BI-10001078,"Acco PRESSTEX Data Binder with Storage Hooks, Dark Blue, 14 7/8"" X 11""",Office Supplies,Binders
889,OFF-PA-10003845,Xerox 1987,Office Supplies,Paper
890,TEC-AC-10000927,Anker Ultrathin Bluetooth Wireless Keyboard Aluminum Cover with Stand ,Technology,Accessories
891,OFF-BI-10001098,Acco D-Ring Binder w/DublLock,Office Supplies,Binders
892,OFF-PA-10001622,"Ampad Poly Cover Wirebound Steno Book, 6"" x 9"" Assorted Colors, Gregg Ruled",Office Supplies,Paper
893,OFF-AR-10003158,Fluorescent Highlighters by Dixon,Office Supplies,Art
894,TEC-PH-10002660,Nortel Networks T7316 E Nt8 B27,Technology,Phones
895,OFF-ST-10002205,File Shuttle I and Handi-File,Office Supplies,Storage
896,OFF-BI-10003364,Binding Machine Supplies,Office Supplies,Binders
897,OFF-EN-10001099,Staple envelope,Office Supplies,Envelopes
898,OFF-LA-10003923,Alphabetical Labels for Top Tab Filing,Office Supplies,Labels
899,OFF-PA-10002250,Things To Do Today Pad,Office Supplies,Paper
900,OFF-BI-10004716,Wilson Jones Hanging Recycled Pressboard Data Binders,Office Supplies,Binders
901,OFF-LA-10001045,Permanent Self-Adhesive File Folder Labels for Typewriters by Universal,Office Supplies,Labels
902,OFF-BI-10001510,Deluxe Heavy-Duty Vinyl Round Ring Binder,Office Supplies,Binders
903,TEC-PH-10004536,Avaya 5420 Digital phone,Technology,Phones
904,OFF-PA-10002947,Xerox 1923,Office Supplies,Paper
905,OFF-ST-10002583,Fellowes Neat Ideas Storage Cubes,Office Supplies,Storage
906,OFF-PA-10000019,Xerox 1931,Office Supplies,Paper
907,FUR-BO-10003441,"Bush Westfield Collection Bookcases, Fully Assembled",Furniture,Bookcases
908,TEC-PH-10004774,Gear Head AU3700S Headset,Technology,Phones
909,OFF-BI-10003684,Wilson Jones Legal Size Ring Binders,Office Supplies,Binders
910,TEC-PH-10001494,Polycom CX600 IP Phone VoIP phone,Technology,Phones
911,TEC-AC-10004666,Maxell iVDR EX 500GB Cartridge,Technology,Accessories
912,OFF-ST-10003816,Fellowes High-Stak Drawer Files,Office Supplies,Storage
913,FUR-FU-10001935,3M Hangers With Command Adhesive,Furniture,Furnishings
914,FUR-FU-10004091,"Howard Miller 13"" Diameter Goldtone Round Wall Clock",Furniture,Furnishings
915,TEC-AC-10001772,Memorex Mini Travel Drive 16 GB USB 2.0 Flash Drive,Technology,Accessories
916,FUR-TA-10001520,"Lesro Sheffield Collection Coffee Table, End Table, Center Table, Corner Table",Furniture,Tables
917,FUR-CH-10003379,Global Commerce Series High-Back Swivel/Tilt Chairs,Furniture,Chairs
918,OFF-BI-10002706,Avery Premier Heavy-Duty Binder with Round Locking Rings,Office Supplies,Binders
919,OFF-EN-10000056,Cameo Buff Policy Envelopes,Office Supplies,Envelopes
920,OFF-ST-10001558,Acco Perma 4000 Stacking Storage Drawers,Office Supplies,Storage
921,OFF-ST-10002444,Recycled Eldon Regeneration Jumbo File,Office Supplies,Storage
922,TEC-AC-10002473,Maxell 4.7GB DVD-R,Technology,Accessories
923,TEC-PH-10004531,OtterBox Commuter Series Case - iPhone 5 & 5s,Technology,Phones
924,OFF-AP-10004487,Kensington 4 Outlet MasterPiece Compact Power Control Center,Office Supplies,Appliances
925,OFF-BI-10003650,GBC DocuBind 300 Electric Binding Machine,Office Supplies,Binders
926,OFF-PA-10003543,Xerox 1985,Office Supplies,Paper
927,TEC-AC-10004353,Hypercom P1300 Pinpad,Technology,Accessories
928,OFF-AR-10000658,Newell 324,Office Supplies,Art
929,OFF-AP-10000696,Holmes Odor Grabber,Office Supplies,Appliances
930,OFF-AR-10003560,Zebra Zazzle Fluorescent Highlighters,Office Supplies,Art
931,OFF-AR-10001468,"Sanford Prismacolor Professional Thick Lead Art Pencils, 36-Color Set",Office Supplies,Art
932,OFF-PA-10004971,Xerox 196,Office Supplies,Paper
933,OFF-PA-10002195,"RSVP Cards & Envelopes, Blank White, 8-1/2"" X 11"", 24 Cards/25 Envelopes/Set",Office Supplies,Paper
934,OFF-PA-10001745,"Wirebound Message Books, 2 7/8"" x 5"", 3 Forms per Page",Office Supplies,Paper
935,OFF-BI-10004826,JM Magazine Binder,Office Supplies,Binders
936,OFF-PA-10001870,Xerox 202,Office Supplies,Paper
937,OFF-AP-10001058,Sanyo 2.5 Cubic Foot Mid-Size Office Refrigerators,Office Supplies,Appliances
938,TEC-AC-10003911,NETGEAR AC1750 Dual Band Gigabit Smart WiFi Router,Technology,Accessories
939,OFF-PA-10000289,Xerox 213,Office Supplies,Paper
940,OFF-AP-10003040,Fellowes 8 Outlet Superior Workstation Surge Protector w/o Phone/Fax/Modem Protection,Office Supplies,Appliances
941,OFF-PA-10000350,"Message Book, Standard Line ""While You Were Out"", 5 1/2"" X 4"", 200 Sets/Book",Office Supplies,Paper
942,OFF-BI-10001759,"Acco Pressboard Covers with Storage Hooks, 14 7/8"" x 11"", Dark Blue",Office Supplies,Binders
943,FUR-TA-10000577,Bretford CR4500 Series Slim Rectangular Table,Furniture,Tables
944,OFF-PA-10004101,Xerox 1894,Office Supplies,Paper
945,OFF-ST-10001496,Standard Rollaway File with Lock,Office Supplies,Storage
946,OFF-BI-10002931,"Avery Trapezoid Extra Heavy Duty 4"" Binders",Office Supplies,Binders
947,FUR-TA-10002356,Bevis Boat-Shaped Conference Table,Furniture,Tables
948,FUR-FU-10003601,"Deflect-o RollaMat Studded, Beveled Mat for Medium Pile Carpeting",Furniture,Furnishings
949,FUR-FU-10000576,Luxo Professional Fluorescent Magnifier Lamp with Clamp-Mount Base,Furniture,Furnishings
950,FUR-TA-10004154,"Riverside Furniture Oval Coffee Table, Oval End Table, End Table with Drawer",Furniture,Tables
951,OFF-PA-10000788,Xerox 210,Office Supplies,Paper
952,OFF-PA-10002479,Xerox 4200 Series MultiUse Premium Copy Paper (20Lb. and 84 Bright),Office Supplies,Paper
953,FUR-FU-10001940,Staple-based wall hangings,Furniture,Furnishings
954,OFF-AR-10001958,Stanley Bostitch Contemporary Electric Pencil Sharpeners,Office Supplies,Art
955,FUR-BO-10004709,"Bush Westfield Collection Bookcases, Medium Cherry Finish",Furniture,Bookcases
956,OFF-ST-10000604,Home/Office Personal File Carts,Office Supplies,Storage
957,TEC-PH-10002923,"Logitech B530 USB Headset - headset - Full size, Binaural",Technology,Phones
958,OFF-BI-10004465,Avery Durable Slant Ring Binders,Office Supplies,Binders
959,OFF-PA-10002333,"Universal Ultra Bright White Copier/Laser Paper, 8 1/2"" x 11"", Ream",Office Supplies,Paper
960,FUR-FU-10004188,Luxo Professional Combination Clamp-On Lamps,Furniture,Furnishings
961,FUR-CH-10002965,"Global Leather Highback Executive Chair with Pneumatic Height Adjustment, Black",Furniture,Chairs
962,OFF-BI-10000145,Zipper Ring Binder Pockets,Office Supplies,Binders
963,OFF-EN-10001335,"White Business Envelopes with Contemporary Seam, Recycled White Business Envelopes",Office Supplies,Envelopes
964,OFF-LA-10001613,Avery File Folder Labels,Office Supplies,Labels
965,OFF-LA-10004055,Color-Coded Legal Exhibit Labels,Office Supplies,Labels
966,OFF-AR-10004344,Bulldog Vacuum Base Pencil Sharpener,Office Supplies,Art
967,OFF-PA-10004621,Xerox 212,Office Supplies,Paper
968,OFF-PA-10001281,Computer Printout Paper with Letter-Trim Fine Perforations,Office Supplies,Paper
969,OFF-LA-10001613,Avery File Folder Labels,Office Supplies,Labels
970,OFF-ST-10001097,Office Impressions Heavy Duty Welded Shelving & Multimedia Storage Drawers,Office Supplies,Storage
971,FUR-FU-10001095,DAX Black Cherry Wood-Tone Poster Frame,Furniture,Furnishings
972,TEC-PH-10004614,AT&T 841000 Phone,Technology,Phones
973,OFF-BI-10001575,GBC Linen Binding Covers,Office Supplies,Binders
974,OFF-LA-10001074,Round Specialty Laser Printer Labels,Office Supplies,Labels
975,TEC-PH-10003555,Motorola HK250 Universal Bluetooth Headset,Technology,Phones
976,OFF-BI-10004492,Tuf-Vin Binders,Office Supplies,Binders
977,OFF-BI-10002012,Wilson Jones Easy Flow II Sheet Lifters,Office Supplies,Binders
978,TEC-MA-10000822,Lexmark MX611dhe Monochrome Laser Printer,Technology,Machines
979,OFF-BI-10000848,Angle-D Ring Binders,Office Supplies,Binders
980,OFF-PA-10004156,Xerox 188,Office Supplies,Paper
981,FUR-CH-10003199,Office Star - Contemporary Task Swivel Chair,Furniture,Chairs
982,OFF-AR-10000034,"BIC Brite Liner Grip Highlighters, Assorted, 5/Pack",Office Supplies,Art
983,TEC-PH-10000560,Samsung Galaxy S III - 16GB - pebble blue (T-Mobile),Technology,Phones
984,FUR-CH-10000665,"Global Airflow Leather Mesh Back Chair, Black",Furniture,Chairs
985,OFF-LA-10001569,Avery 499,Office Supplies,Labels
986,OFF-EN-10000461,"#10- 4 1/8"" x 9 1/2"" Recycled Envelopes",Office Supplies,Envelopes
987,TEC-MA-10003066,Wasp CCD Handheld Bar Code Reader,Technology,Machines
988,OFF-BI-10004022,Acco Suede Grain Vinyl Round Ring Binder,Office Supplies,Binders
989,FUR-FU-10004071,Luxo Professional Magnifying Clamp-On Fluorescent Lamps,Furniture,Furnishings
990,OFF-AR-10001988,Bulldog Table or Wall-Mount Pencil Sharpener,Office Supplies,Art
991,FUR-CH-10004086,Hon 4070 Series Pagoda Armless Upholstered Stacking Chairs,Furniture,Chairs
992,OFF-BI-10001036,Cardinal EasyOpen D-Ring Binders,Office Supplies,Binders
993,OFF-FA-10002983,Advantus SlideClip Paper Clips,Office Supplies,Fasteners
994,OFF-PA-10003625,Xerox 1979,Office Supplies,Paper
995,OFF-BI-10003925,Fellowes PB300 Plastic Comb Binding Machine,Office Supplies,Binders
996,TEC-PH-10001530,Plantronics Voyager Pro Legend,Technology,Phones
997,OFF-EN-10003862,Laser & Ink Jet Business Envelopes,Office Supplies,Envelopes
998,OFF-ST-10004258,Portable Personal File Box,Office Supplies,Storage
999,FUR-FU-10002885,Magna Visual Magnetic Picture Hangers,Furniture,Furnishings
1000,FUR-FU-10001918,C-Line Cubicle Keepers Polyproplyene Holder With Velcro Backings,Furniture,Furnishings
1001,OFF-AR-10002956,Boston 16801 Nautilus Battery Pencil Sharpener,Office Supplies,Art
1002,TEC-AC-10003033,Plantronics CS510 - Over-the-Head monaural Wireless Headset System,Technology,Accessories
1003,FUR-TA-10002903,"Bevis Round Bullnose 29"" High Table Top",Furniture,Tables
1004,OFF-PA-10004621,Xerox 212,Office Supplies,Paper
1005,OFF-ST-10000046,Fellowes Super Stor/Drawer Files,Office Supplies,Storage
1006,OFF-PA-10001790,Xerox 1910,Office Supplies,Paper
1007,OFF-EN-10002600,"Redi-Strip #10 Envelopes, 4 1/8 x 9 1/2",Office Supplies,Envelopes
1008,OFF-BI-10002049,UniKeep View Case Binders,Office Supplies,Binders
1009,OFF-PA-10001509,"Recycled Desk Saver Line ""While You Were Out"" Book, 5 1/2"" X 4""",Office Supplies,Paper
